rating,food_quality,cleanliness,service,rating_variance,review_frequency,ip_similarity,hostel_avg_rating,rating_spike,label
5,5,4,4,0.156,2,0,2.616,0,0
3,3,1,2,2.583,5,3,3.001,6,1
4,4,3,3,0.291,2,0,2.779,2,0
5,5,5,4,0.046,2,0,2.841,2,0
5,5,5,5,0.305,0,1,3.868,2,0
2,2,3,3,2.864,7,3,3.663,4,1
3,3,2,4,0.842,1,1,4.29,1,0
2,2,3,1,2.942,4,3,3.747,5,1
1,5,5,5,3.052,8,4,4.474,14,2
3,4,4,4,0.707,2,0,4.043,0,0
1,5,1,1,3.747,9,4,2.627,13,2
2,2,2,3,2.342,6,2,3.972,5,1
2,1,2,3,1.561,6,2,3.111,6,1
3,4,2,2,0.509,1,0,2.999,0,0
3,2,4,4,0.695,1,1,4.116,0,0
4,4,4,5,0.324,2,1,3.213,1,0
3,3,2,2,0.861,2,1,3.521,0,0
4,4,5,5,0.323,0,1,3.227,0,0
3,4,3,4,0.301,0,1,2.574,0,0
1,1,1,5,4.317,10,9,2.79,10,2
4,5,5,5,0.37,0,0,4.106,0,0
2,1,3,1,1.726,6,3,3.696,5,1
4,5,4,5,0.81,2,1,4.381,2,0
1,5,1,1,2.918,17,6,2.957,14,2
1,5,1,5,4.493,19,8,4.301,9,2
3,4,4,3,0.78,2,0,2.823,1,0
2,2,2,1,2.495,4,3,3.161,4,1
4,3,3,3,0.018,1,0,2.858,2,0
2,2,3,3,2.454,5,3,3.59,4,1
5,5,5,5,0.35,0,1,3.838,0,0
5,5,5,4,0.044,1,0,3.059,1,0
3,2,2,3,0.967,2,1,4.206,2,0
3,2,4,3,0.557,2,1,3.892,1,0
4,4,5,4,0.254,1,1,3.145,0,0
5,5,4,5,0.809,2,1,4.234,0,0
3,2,2,3,0.796,2,0,2.555,1,0
4,4,5,3,0.155,1,0,4.178,1,0
3,3,4,3,0.537,0,0,4.156,0,0
5,5,5,5,0.637,0,1,3.533,1,0
4,5,4,5,0.251,1,0,2.662,2,0
2,2,2,1,2.164,7,3,3.094,3,1
1,1,1,3,2.486,4,3,3.73,5,1
4,3,4,3,0.342,0,0,2.581,1,0
1,5,5,5,3.483,14,7,2.846,12,2
1,1,1,2,1.891,5,3,3.933,6,1
1,5,5,5,4.388,9,4,4.234,14,2
1,5,1,5,2.757,10,6,4.383,9,2
1,1,5,1,2.639,9,8,2.689,9,2
4,3,4,4,0.023,1,0,3.064,1,0
2,1,1,1,2.951,7,3,3.423,6,1
5,5,5,5,3.0,15,9,3.624,10,2
5,4,5,4,0.378,0,1,3.493,0,0
5,4,4,4,0.847,0,0,4.414,2,0
1,1,5,1,2.683,19,4,3.607,11,2
3,2,3,1,2.896,5,2,3.996,4,1
5,5,5,5,0.969,0,1,4.174,0,0
3,2,3,2,0.822,1,1,2.663,0,0
4,3,3,4,0.813,2,0,4.472,1,0
2,2,2,3,2.136,5,2,3.111,5,1
4,4,4,3,0.823,2,0,3.862,1,0
4,3,3,4,0.436,1,1,4.456,0,0
5,5,4,5,0.919,2,0,4.439,1,0
3,4,4,2,0.628,1,0,4.302,0,0
5,5,5,5,3.411,19,8,3.055,10,2
2,2,2,1,2.962,7,2,3.698,3,1
4,3,3,3,0.911,0,1,4.4,0,0
2,2,2,2,2.327,4,2,3.411,4,1
5,1,1,1,3.999,16,9,4.158,7,2
1,1,1,1,2.527,14,9,3.883,11,2
5,1,1,1,3.952,17,5,3.256,11,2
3,4,2,2,0.207,0,0,4.014,1,0
3,3,3,3,0.476,2,0,3.116,0,0
4,4,5,3,0.59,2,0,3.341,0,0
3,2,3,2,2.426,5,3,3.608,4,1
4,5,4,3,0.514,2,1,3.096,1,0
5,5,5,5,4.184,8,7,2.632,11,2
1,1,5,1,3.659,18,6,3.575,13,2
3,3,2,4,0.874,2,0,4.446,0,0
3,2,3,3,0.177,0,1,2.741,0,0
5,4,5,5,0.69,0,1,4.099,0,0
2,1,3,1,1.504,7,2,3.085,5,1
3,4,3,3,0.618,2,1,3.425,0,0
3,4,4,4,0.895,1,0,3.564,0,0
1,1,1,5,3.038,12,7,2.54,7,2
1,5,5,1,4.281,11,4,3.858,9,2
2,2,3,2,2.38,7,3,3.432,5,1
4,4,4,5,0.356,0,1,3.712,0,0
3,3,4,3,0.187,1,1,2.847,2,0
1,1,5,1,4.465,13,5,3.652,9,2
5,1,5,5,3.946,16,5,3.614,14,2
5,4,5,5,0.324,2,1,3.515,0,0
5,5,5,4,0.506,2,1,3.141,2,0
4,4,3,5,0.549,1,0,3.869,0,0
3,2,4,4,0.472,2,0,3.198,0,0
5,5,5,1,3.962,16,5,2.862,9,2
5,5,5,1,2.78,16,8,2.903,12,2
1,1,1,5,3.546,11,4,4.254,7,2
2,2,2,3,2.436,4,2,3.439,3,1
5,5,5,5,0.067,2,0,2.734,1,0
5,5,5,5,0.62,1,0,3.646,0,0
4,3,5,5,0.143,1,1,4.025,2,0
1,1,3,3,2.77,7,3,3.397,3,1
4,3,4,5,0.641,2,1,3.585,2,0
5,5,5,5,0.227,2,0,3.076,2,0
4,4,4,3,0.256,2,1,2.704,0,0
5,5,1,5,3.249,16,9,2.655,12,2
5,1,1,5,2.972,17,9,2.873,13,2
5,1,1,5,3.716,16,8,3.17,10,2
2,1,3,1,2.795,5,3,3.466,5,1
2,1,3,3,1.711,7,2,3.498,4,1
4,3,5,5,0.632,1,0,3.53,0,0
1,5,5,5,3.57,15,4,3.099,14,2
5,5,5,5,0.205,0,0,2.573,1,0
1,1,5,1,3.407,9,9,3.382,8,2
5,4,4,5,0.946,1,1,4.295,1,0
3,3,4,2,0.408,0,0,3.008,2,0
1,1,1,3,2.354,6,2,3.557,6,1
3,3,3,4,0.963,0,1,2.91,2,0
3,3,4,2,0.208,2,1,2.863,0,0
5,5,4,5,0.259,1,0,3.681,0,0
5,4,5,4,0.294,1,1,4.06,0,0
1,5,1,5,2.864,9,6,3.525,7,2
4,5,3,4,0.645,1,1,2.765,0,0
3,4,3,3,0.53,1,1,3.496,1,0
4,4,5,3,0.011,0,0,4.3,1,0
1,1,1,1,1.763,4,2,3.419,6,1
2,2,2,3,1.777,4,3,3.771,3,1
3,2,4,4,0.61,1,1,3.293,1,0
4,4,5,5,0.595,2,0,3.493,0,0
4,4,3,3,0.075,0,0,3.491,2,0
4,5,5,4,0.799,2,1,2.511,2,0
5,4,4,4,0.95,2,0,2.87,1,0
5,1,1,1,3.818,13,9,4.461,8,2
3,3,2,2,0.67,1,1,4.35,2,0
4,5,4,5,0.697,0,0,4.349,1,0
5,5,5,5,0.455,2,1,3.789,1,0
3,2,3,4,0.696,1,0,3.309,2,0
4,3,4,3,0.738,0,1,3.354,1,0
4,4,4,5,0.875,0,1,4.378,2,0
3,2,3,2,0.402,0,1,3.755,2,0
3,4,4,2,0.732,0,0,3.435,1,0
5,1,1,5,2.536,16,4,3.283,10,2
5,4,4,5,0.589,2,1,4.268,2,0
5,1,5,5,2.963,11,8,3.799,11,2
1,1,5,1,2.941,8,5,4.059,12,2
1,1,1,1,4.356,17,4,2.848,8,2
4,3,5,5,0.224,0,0,2.57,1,0
1,5,1,1,2.759,16,6,4.411,10,2
4,3,3,5,0.087,2,1,3.02,0,0
4,3,3,3,0.991,1,1,4.266,1,0
5,5,5,4,0.267,1,1,4.095,0,0
3,2,4,2,0.697,1,1,3.737,1,0
5,4,5,4,0.029,2,1,2.758,2,0
5,5,5,5,0.757,2,1,3.074,1,0
4,5,4,3,0.78,1,0,4.022,1,0
5,5,5,4,0.103,1,1,3.102,0,0
3,3,1,2,2.431,6,3,3.872,6,1
2,1,3,1,2.075,4,2,3.822,5,1
5,5,5,5,0.159,1,0,4.389,2,0
3,4,2,2,0.298,1,0,3.861,1,0
5,5,4,4,0.91,0,0,4.429,2,0
5,4,5,5,0.23,0,0,2.562,0,0
2,2,3,2,1.806,4,2,3.154,5,1
5,1,1,5,3.088,15,7,4.435,10,2
2,2,3,1,2.411,7,3,3.558,6,1
3,3,2,2,0.59,2,1,3.41,0,0
4,4,5,5,0.722,2,0,4.014,1,0
5,1,5,1,2.984,16,9,2.785,14,2
3,2,3,3,0.326,1,0,2.676,0,0
5,5,5,5,0.133,2,1,3.879,1,0
1,5,1,5,3.773,10,6,2.563,12,2
2,1,2,2,2.438,7,3,3.612,5,1
5,5,5,5,0.452,2,0,3.553,1,0
5,5,4,4,0.872,1,0,4.452,0,0
5,5,5,5,0.021,2,1,3.165,0,0
3,4,4,2,0.072,2,0,3.015,0,0
5,1,5,5,3.758,19,7,4.035,10,2
5,4,5,4,0.396,1,0,4.301,1,0
3,3,2,1,1.816,4,3,3.632,5,1
5,5,5,5,0.238,1,1,2.862,0,0
4,4,3,5,0.593,2,0,3.825,2,0
4,3,4,5,0.657,2,0,4.047,0,0
3,3,4,3,0.17,1,0,3.174,1,0
4,5,3,3,0.167,0,0,3.973,0,0
5,5,5,5,0.206,0,1,3.039,1,0
3,3,2,2,0.122,1,0,4.368,0,0
4,4,3,4,0.965,2,1,4.404,1,0
1,5,1,1,3.478,19,9,2.779,14,2
3,3,3,4,0.162,0,0,3.962,0,0
5,5,5,5,0.662,2,1,3.249,1,0
4,5,3,5,0.931,1,1,3.853,2,0
5,5,1,1,2.713,19,5,4.499,12,2
5,4,4,4,0.09,2,0,2.718,1,0
4,4,5,4,0.901,0,0,3.134,0,0
1,5,1,1,3.157,8,7,3.72,13,2
2,1,1,1,2.319,6,3,3.015,5,1
2,2,2,2,2.251,4,3,3.951,4,1
3,3,2,2,0.399,0,0,3.567,2,0
4,4,4,5,0.521,0,0,3.362,2,0
5,5,5,5,0.197,0,1,2.889,1,0
3,3,4,2,0.803,2,1,3.123,1,0
1,1,2,1,2.284,6,2,3.859,5,1
5,4,5,4,0.257,1,0,4.131,0,0
3,2,2,2,2.273,7,2,3.794,5,1
2,1,2,1,1.855,4,3,3.275,5,1
1,1,5,1,3.748,8,5,2.806,7,2
3,2,1,1,1.768,4,2,3.23,5,1
3,3,2,2,0.058,0,1,3.049,2,0
2,2,1,3,2.587,6,2,3.341,4,1
5,5,5,4,0.079,0,0,3.692,0,0
3,2,4,2,0.519,1,1,4.101,2,0
1,1,2,3,2.299,4,3,3.333,4,1
4,4,3,5,0.731,1,1,2.62,1,0
1,1,1,1,2.841,17,9,3.345,13,2
2,2,3,2,1.852,7,2,3.152,3,1
3,2,1,2,2.281,5,3,3.089,5,1
1,5,5,5,3.917,11,4,2.955,11,2
3,4,2,2,0.51,2,1,3.059,1,0
2,1,2,3,2.362,7,2,3.391,6,1
1,5,1,1,3.849,17,9,3.943,9,2
2,1,3,1,1.534,6,3,3.224,4,1
1,1,5,1,3.459,8,7,3.713,7,2
3,2,3,3,2.098,4,2,3.368,6,1
4,5,3,3,0.936,1,0,2.711,1,0
3,3,4,4,0.386,0,0,2.884,0,0
5,4,5,5,0.984,2,0,2.784,0,0
1,1,1,3,1.843,4,2,3.221,3,1
2,1,2,3,2.688,6,3,3.654,5,1
4,4,5,3,0.387,0,1,2.997,1,0
3,4,2,3,0.681,2,0,2.93,0,0
1,1,5,1,4.419,11,4,2.719,10,2
2,2,3,1,2.232,7,3,3.325,6,1
3,2,1,2,2.089,5,2,3.133,6,1
2,1,2,1,1.919,5,3,3.253,6,1
4,4,5,4,0.637,2,0,2.633,0,0
5,4,5,4,0.048,0,0,3.933,0,0
1,1,1,5,3.975,17,9,4.483,10,2
2,2,3,3,2.118,4,3,3.831,6,1
3,2,4,2,0.976,2,1,2.521,1,0
3,2,3,4,0.042,1,1,4.097,2,0
1,1,5,1,3.542,19,5,2.756,13,2
4,3,3,5,0.55,1,0,2.827,1,0
1,1,5,1,3.792,10,5,4.132,13,2
1,1,5,1,4.01,12,9,4.184,14,2
3,4,3,3,0.985,1,1,2.586,1,0
4,5,4,5,0.488,2,1,3.185,1,0
4,5,5,4,0.565,0,1,4.247,2,0
1,5,5,5,2.519,8,7,3.953,7,2
3,3,3,4,0.311,0,1,4.13,2,0
4,3,3,4,0.848,1,1,4.165,1,0
5,4,5,5,0.842,1,1,3.504,1,0
4,4,4,5,0.138,1,0,2.504,2,0
4,3,3,3,0.588,0,1,3.947,0,0
4,4,4,4,0.805,2,1,4.15,0,0
1,1,1,2,2.973,4,2,3.825,5,1
3,4,2,4,0.236,2,1,2.625,2,0
3,3,1,1,2.132,7,3,3.786,5,1
3,3,3,3,2.358,7,2,3.184,3,1
1,1,1,5,4.163,13,4,4.359,9,2
1,5,5,1,3.254,12,7,4.105,8,2
5,5,5,5,3.956,9,6,3.374,7,2
3,3,2,4,0.923,0,1,2.527,1,0
3,4,4,3,0.25,1,0,3.399,0,0
3,4,3,3,0.562,0,1,3.13,2,0
5,5,5,5,0.882,0,1,4.156,1,0
3,3,1,3,2.588,4,3,3.338,5,1
1,1,1,1,2.544,12,7,3.336,7,2
1,1,5,1,2.955,19,5,3.585,13,2
2,2,2,2,2.77,5,2,3.141,4,1
1,5,5,5,3.42,14,9,3.081,13,2
5,5,5,5,0.786,2,0,2.829,2,0
3,2,1,3,2.819,7,3,3.239,3,1
5,4,5,5,0.065,1,0,4.318,0,0
5,5,5,4,0.397,2,0,3.382,2,0
4,3,3,3,0.312,0,0,2.892,1,0
3,3,3,4,0.613,0,0,4.294,2,0
1,1,1,5,3.227,19,6,3.126,12,2
1,1,1,3,2.258,7,2,3.418,5,1
5,5,5,5,0.427,2,1,2.525,0,0
3,3,3,3,0.379,2,0,3.174,0,0
1,1,5,5,4.476,9,7,3.419,11,2
5,5,5,4,0.113,1,1,3.938,2,0
4,5,4,4,0.614,2,1,3.654,0,0
1,1,1,1,2.562,9,5,3.13,14,2
3,2,2,4,0.279,2,0,3.888,0,0
4,3,5,3,0.304,1,1,4.377,0,0
3,2,3,2,2.476,5,2,3.0,5,1
4,4,4,3,0.547,2,0,4.454,1,0
3,3,3,3,0.28,0,0,4.446,2,0
3,3,1,3,2.432,4,2,3.628,3,1
5,5,5,4,0.541,0,1,2.592,0,0
4,5,3,5,0.226,1,1,3.698,2,0
5,1,1,5,3.181,15,8,4.176,14,2
4,4,4,3,0.521,0,1,4.163,2,0
5,4,4,4,0.669,0,1,4.258,0,0
4,4,4,5,0.138,2,1,2.83,1,0
2,2,1,1,2.459,6,2,3.132,6,1
4,4,4,4,0.473,0,0,3.038,1,0
3,2,2,3,0.046,2,1,3.439,0,0
4,4,5,3,0.474,0,0,3.574,0,0
3,4,2,3,0.463,0,0,2.937,1,0
5,4,4,4,0.617,0,0,4.26,2,0
1,1,5,1,3.401,8,7,3.96,14,2
5,5,1,5,3.093,17,7,4.142,14,2
1,5,1,1,2.619,11,5,3.013,10,2
4,4,3,5,0.596,0,0,3.308,2,0
5,5,4,4,0.646,2,0,3.697,1,0
3,2,3,3,2.586,6,2,3.902,4,1
5,5,1,1,3.344,10,6,3.472,11,2
5,5,4,5,0.343,2,1,3.805,0,0
2,1,1,3,2.314,5,3,3.59,6,1
3,3,3,1,2.146,7,2,3.582,4,1
3,2,4,3,0.167,0,0,2.785,0,0
3,2,3,3,0.637,2,0,2.643,1,0
3,2,3,3,0.454,0,0,4.444,1,0
4,5,3,4,0.039,1,0,3.276,1,0
4,3,5,3,0.289,0,1,2.732,1,0
4,4,4,3,0.984,0,0,4.422,0,0
4,3,3,3,0.554,1,0,4.024,2,0
1,5,5,1,2.889,8,8,3.185,10,2
5,5,4,5,0.139,2,0,3.752,2,0
5,5,5,5,0.569,1,0,2.903,0,0
5,4,5,5,0.132,2,0,3.698,1,0
5,4,5,5,0.549,0,0,3.862,0,0
5,1,1,1,3.526,19,7,4.009,12,2
4,4,5,3,0.563,2,0,3.712,0,0
5,4,5,5,0.408,2,0,4.029,2,0
1,1,5,5,2.506,8,4,3.097,14,2
5,5,4,4,0.972,0,0,3.968,1,0
4,5,5,4,0.527,1,0,3.217,1,0
5,5,4,5,0.009,2,1,3.854,0,0
3,4,2,2,0.633,2,0,2.511,0,0
5,1,5,1,3.727,15,4,3.946,12,2
4,4,5,5,0.549,1,1,3.654,1,0
3,3,3,2,0.501,1,1,3.914,1,0
4,5,5,4,0.281,2,1,2.805,2,0
1,1,1,1,3.598,12,8,3.707,11,2
5,5,4,5,0.503,1,1,3.672,1,0
4,4,4,4,0.823,2,1,3.627,0,0
5,5,1,1,3.069,9,5,3.943,7,2
2,1,1,2,2.675,5,3,3.593,3,1
5,4,5,4,0.94,0,1,2.704,0,0
4,4,4,5,0.943,2,0,3.255,2,0
4,4,3,3,0.93,0,1,3.852,2,0
5,4,4,4,0.278,2,0,3.852,0,0
3,4,4,2,0.048,0,1,4.414,0,0
3,3,4,2,0.052,0,0,3.333,0,0
5,4,4,5,0.472,1,0,4.092,2,0
1,1,3,2,2.606,5,3,3.052,6,1
1,1,1,3,2.052,4,2,3.112,4,1
3,3,3,2,0.379,1,1,3.919,1,0
4,5,4,3,0.906,0,0,4.255,1,0
4,5,5,3,0.521,1,1,2.751,0,0
4,3,4,3,0.266,0,0,4.046,1,0
4,5,3,3,0.974,2,0,2.547,2,0
1,5,5,1,3.296,11,6,3.92,11,2
4,5,5,4,0.582,0,0,4.07,1,0
2,2,1,1,1.838,7,2,3.141,4,1
1,1,1,1,4.122,15,7,3.276,10,2
3,2,2,2,2.205,6,2,3.708,4,1
3,3,1,3,1.567,4,3,3.302,4,1
4,3,4,3,0.621,1,1,4.022,1,0
4,4,5,4,0.864,0,0,3.849,0,0
5,1,1,5,3.818,16,7,4.403,14,2
5,5,4,5,0.459,1,0,2.852,1,0
3,3,3,1,2.862,5,2,3.96,3,1
5,5,1,5,3.454,11,9,3.781,13,2
3,3,2,1,2.248,4,2,3.009,3,1
4,5,5,3,0.222,1,0,3.958,2,0
3,2,4,2,0.0,0,1,3.296,2,0
1,1,1,1,3.243,11,7,4.009,9,2
4,4,4,3,0.788,0,1,3.648,1,0
1,1,2,1,2.962,6,3,3.84,3,1
3,2,3,3,0.68,0,0,3.363,2,0
4,4,5,5,0.144,2,0,4.308,1,0
1,5,1,5,4.278,9,7,2.909,14,2
4,5,4,4,0.071,1,0,4.259,0,0
5,5,4,5,0.774,1,1,2.803,0,0
3,4,2,2,0.392,0,1,3.564,0,0
4,3,3,4,0.201,2,1,2.52,2,0
1,5,5,5,2.949,11,4,4.197,13,2
3,2,1,3,1.907,4,3,3.337,5,1
5,5,5,1,3.585,15,4,3.261,13,2
5,5,5,5,0.518,0,0,3.757,1,0
4,5,3,5,0.759,1,0,3.528,0,0
5,5,5,5,0.714,2,1,4.342,2,0
5,4,4,5,0.807,0,0,3.191,1,0
1,1,3,1,2.591,6,2,3.947,3,1
4,4,3,5,0.782,2,1,4.095,0,0
1,5,5,1,3.502,13,4,3.569,14,2
4,5,4,3,0.962,1,0,4.405,2,0
5,1,5,5,3.08,15,9,3.845,11,2
4,5,5,4,0.833,2,0,2.524,0,0
3,4,2,4,0.412,1,0,3.361,1,0
1,1,2,2,2.149,6,3,3.332,4,1
4,3,3,4,0.733,2,1,4.062,1,0
3,3,2,3,2.148,4,3,3.068,3,1
1,5,1,5,3.307,12,5,3.909,7,2
4,5,5,5,0.205,0,0,3.037,1,0
1,1,3,3,1.613,5,3,3.297,4,1
2,1,3,2,1.901,5,3,3.965,5,1
4,4,3,5,0.271,1,0,2.848,2,0
3,4,4,3,0.939,0,0,4.045,1,0
3,2,2,2,0.583,0,0,3.401,0,0
5,5,5,5,0.977,0,1,2.517,1,0
5,4,5,4,0.434,2,1,3.369,0,0
5,4,5,4,0.671,1,1,2.908,2,0
5,5,5,4,0.214,0,0,2.995,2,0
5,5,4,5,0.595,1,1,3.166,1,0
5,1,1,1,4.074,10,5,3.527,13,2
2,1,2,2,2.141,4,3,3.8,5,1
4,4,3,3,0.035,2,0,3.323,1,0
5,5,5,5,0.936,1,1,3.5,2,0
3,3,4,2,0.47,2,0,4.029,1,0
4,4,4,3,0.16,0,0,2.871,0,0
3,2,3,3,2.709,4,3,3.925,5,1
4,3,3,5,0.077,0,0,3.116,2,0
1,5,1,5,3.043,8,4,2.705,7,2
5,5,5,4,0.859,1,0,4.176,2,0
4,5,4,3,0.16,0,0,2.859,1,0
4,3,3,5,0.002,1,0,3.965,1,0
4,4,3,4,0.166,1,0,2.983,1,0
2,2,1,2,2.412,5,2,3.058,4,1
4,4,5,3,0.415,0,1,4.243,2,0
3,2,1,2,1.991,4,3,3.575,3,1
3,2,2,2,0.337,1,0,2.913,0,0
2,2,1,3,2.129,4,3,3.793,3,1
2,1,1,3,2.533,7,3,3.01,6,1
3,2,1,2,2.765,6,3,3.334,3,1
4,5,4,3,0.883,2,0,2.651,1,0
1,1,2,2,2.219,6,2,3.743,5,1
4,3,4,4,0.513,1,0,2.963,0,0
4,5,5,4,0.729,2,0,3.239,2,0
3,4,4,4,0.379,1,1,4.185,0,0
5,4,5,4,0.581,0,1,3.596,0,0
4,3,5,3,0.207,0,0,2.84,0,0
4,4,3,5,0.605,0,1,4.049,1,0
4,4,4,3,0.716,1,1,2.905,2,0
4,4,4,4,0.908,2,0,3.616,1,0
2,2,3,2,2.938,4,3,3.549,3,1
5,5,4,4,0.529,0,1,3.057,2,0
3,4,2,4,0.822,2,0,2.875,1,0
2,2,1,1,1.889,5,2,3.879,5,1
1,5,5,5,3.146,15,9,4.276,14,2
2,1,2,2,2.767,6,2,3.577,6,1
5,5,1,1,3.996,17,6,4.495,9,2
4,3,3,5,0.022,2,0,4.067,2,0
3,2,4,3,0.014,1,1,3.747,2,0
1,1,1,5,3.33,17,6,3.662,11,2
3,3,2,1,2.084,7,3,3.597,6,1
4,3,5,5,0.469,0,1,3.488,1,0
5,1,5,1,4.398,9,6,3.855,8,2
5,4,5,4,0.644,0,0,2.64,1,0
4,3,5,4,0.455,2,0,4.175,1,0
4,3,5,5,0.7,1,1,4.422,2,0
3,2,1,2,2.359,5,3,3.921,4,1
1,1,2,1,2.135,5,2,3.607,6,1
4,5,5,3,0.976,2,0,4.1,2,0
3,2,3,2,0.623,2,0,3.43,2,0
1,1,3,1,2.963,4,2,3.853,4,1
4,4,4,5,0.211,1,0,3.438,1,0
1,1,1,5,4.446,16,7,3.057,14,2
4,3,4,4,0.256,0,1,3.848,0,0
5,5,5,5,0.987,2,1,3.469,2,0
2,2,1,2,2.671,7,3,3.312,6,1
4,3,3,5,0.984,1,0,3.93,0,0
4,3,3,4,0.667,0,0,2.898,2,0
5,4,4,5,0.195,1,0,3.983,2,0
4,5,3,5,0.8,2,0,3.408,0,0
5,4,4,4,0.175,2,0,3.659,1,0
1,5,1,5,3.244,18,9,2.763,14,2
3,4,2,3,0.826,1,1,4.354,2,0
3,3,4,3,0.367,2,1,3.614,2,0
4,3,5,3,0.253,0,1,3.544,2,0
3,4,3,3,0.054,0,0,2.804,0,0
3,3,3,4,0.04,1,1,2.915,1,0
2,1,1,1,2.554,6,3,3.76,5,1
5,5,4,5,0.828,0,0,2.561,0,0
4,5,5,3,0.468,2,0,2.6,1,0
4,4,5,3,0.796,2,1,2.931,2,0
5,4,4,5,0.173,0,0,4.103,1,0
4,5,3,3,0.237,0,0,3.632,2,0
1,5,1,1,4.154,13,4,3.066,9,2
3,4,3,4,0.041,2,1,3.695,1,0
2,2,2,3,2.399,7,3,3.35,3,1
5,5,4,4,0.347,1,0,3.124,2,0
4,3,4,4,0.992,0,0,4.47,1,0
1,1,1,5,3.92,15,9,3.398,13,2
3,3,3,3,0.905,1,0,4.309,0,0
5,4,5,5,0.212,0,1,3.322,1,0
1,5,1,5,3.128,14,4,3.38,8,2
4,3,3,4,0.173,0,0,2.734,0,0
3,4,3,2,0.164,0,1,3.593,0,0
3,4,4,3,0.106,2,1,3.546,2,0
4,3,5,5,0.801,0,1,3.654,2,0
3,3,2,2,0.067,1,0,3.899,2,0
2,2,3,2,2.684,7,2,3.561,3,1
5,1,1,1,4.064,15,5,2.601,10,2
4,4,3,5,0.574,0,0,3.878,1,0
5,5,1,1,4.088,8,4,3.615,11,2
4,4,3,4,0.566,1,0,2.779,2,0
1,1,1,1,2.908,19,9,3.858,8,2
2,2,3,1,1.968,5,3,3.654,4,1
1,5,5,1,2.948,19,6,4.047,13,2
1,1,3,2,2.75,7,3,3.612,3,1
5,1,5,5,3.326,17,9,3.056,13,2
3,4,3,2,0.22,0,1,3.614,1,0
5,5,4,5,0.22,2,1,3.429,2,0
2,1,2,2,1.972,5,2,3.781,5,1
3,2,3,1,1.512,7,3,3.237,6,1
5,5,5,5,0.484,0,0,4.303,1,0
3,4,3,4,0.713,2,1,2.968,2,0
4,4,5,4,0.132,1,1,3.739,0,0
1,5,5,1,3.419,9,4,3.109,7,2
4,5,3,5,0.497,2,1,4.053,1,0
4,3,4,4,0.724,1,1,3.181,2,0
4,4,4,5,0.235,0,0,4.397,2,0
3,3,2,3,0.927,2,0,3.34,2,0
3,3,3,2,0.787,2,0,2.581,0,0
3,3,4,4,0.709,2,1,4.308,2,0
3,2,3,4,0.806,0,0,2.952,0,0
3,3,2,4,0.871,1,0,2.922,1,0
3,2,1,1,2.002,7,2,3.53,5,1
3,2,4,4,0.154,0,1,3.193,1,0
4,3,4,4,0.392,2,1,2.887,1,0
1,5,5,1,3.095,14,6,3.323,12,2
5,5,1,5,4.149,9,8,2.813,12,2
3,2,3,2,0.993,1,0,4.477,2,0
4,5,3,3,0.866,2,0,3.435,1,0
4,4,3,4,0.024,2,0,3.058,2,0
5,5,5,5,0.254,0,0,3.484,0,0
3,2,2,2,2.798,7,2,3.126,6,1
5,5,5,5,0.89,1,1,4.032,1,0
4,4,3,3,0.464,1,1,3.148,0,0
1,1,1,2,1.683,5,2,3.113,6,1
4,4,3,4,0.014,0,1,4.184,2,0
2,2,2,3,2.45,4,3,3.398,5,1
1,1,1,5,3.226,12,5,2.755,8,2
1,5,5,5,4.483,13,9,4.07,11,2
5,1,1,5,3.729,13,6,3.007,11,2
3,2,4,3,0.442,1,1,3.869,0,0
2,1,2,3,1.642,4,3,3.918,4,1
5,5,5,5,0.118,0,0,3.924,0,0
3,3,4,2,0.958,2,0,3.529,1,0
1,5,1,1,3.277,16,4,3.13,13,2
5,5,5,4,0.088,2,1,3.665,0,0
4,3,3,4,0.673,1,1,3.13,2,0
5,4,5,4,0.257,2,1,3.352,2,0
2,1,1,1,1.927,7,2,3.617,4,1
3,3,3,4,0.478,2,0,3.583,2,0
5,1,1,1,2.967,17,5,4.14,12,2
3,3,3,3,0.653,0,0,4.12,2,0
5,5,5,5,0.466,0,1,3.903,1,0
5,4,5,4,0.316,0,0,4.033,1,0
5,5,4,5,0.454,2,1,4.369,2,0
2,1,3,1,2.067,5,2,3.339,6,1
3,2,4,3,0.355,0,0,2.73,0,0
4,5,3,4,0.648,1,1,4.127,1,0
1,1,1,2,2.216,6,3,3.582,4,1
1,5,1,5,2.825,8,7,2.918,8,2
3,3,2,2,0.577,0,1,4.106,1,0
4,4,3,4,0.172,0,1,3.617,2,0
4,3,5,4,0.755,2,0,4.157,1,0
5,5,5,5,0.277,2,0,2.749,1,0
1,5,5,5,2.581,13,6,3.533,13,2
1,5,1,5,4.119,13,9,2.544,7,2
1,1,1,1,2.764,9,7,2.548,10,2
4,5,4,4,0.216,0,1,2.597,1,0
3,2,3,2,0.068,1,1,4.371,1,0
2,1,3,3,2.312,7,3,3.22,5,1
3,3,2,4,0.788,0,1,4.174,2,0
1,1,3,3,1.714,5,3,3.244,5,1
4,3,3,5,0.884,2,1,2.791,2,0
3,4,2,4,0.878,1,0,2.727,2,0
3,2,3,2,0.646,0,1,4.392,1,0
4,4,3,3,0.796,1,1,3.861,0,0
4,3,5,3,0.143,0,0,3.609,1,0
1,1,3,3,2.649,4,3,3.653,6,1
3,3,4,3,0.599,2,1,3.481,0,0
3,4,3,3,0.588,0,1,3.164,2,0
4,5,5,5,0.993,0,1,4.249,1,0
2,1,3,3,2.967,6,3,3.799,4,1
1,5,1,1,4.165,18,7,4.233,7,2
5,1,1,5,3.597,14,7,4.493,14,2
3,2,2,3,2.924,4,3,3.907,3,1
4,5,5,5,0.701,1,0,3.688,2,0
4,5,5,5,0.57,1,1,3.985,2,0
5,5,5,5,0.695,0,0,4.092,1,0
3,2,4,2,0.912,0,1,3.527,0,0
4,5,3,3,0.735,0,0,3.67,2,0
4,5,4,3,0.362,0,0,4.293,0,0
5,5,5,4,0.316,0,0,4.117,0,0
3,2,2,3,1.747,7,3,3.791,4,1
4,4,3,4,0.067,0,1,2.855,2,0
4,4,3,3,0.605,2,1,3.838,0,0
3,4,4,2,0.886,2,0,3.629,1,0
5,5,5,1,3.94,16,6,2.598,12,2
3,4,4,2,0.138,0,1,3.5,0,0
5,5,5,5,0.411,2,0,4.453,2,0
4,4,5,3,0.766,0,0,4.431,2,0
4,3,4,5,0.632,2,1,3.234,2,0
4,3,5,4,0.405,2,1,2.897,0,0
5,5,5,5,0.143,2,1,3.783,1,0
3,4,3,4,0.249,2,1,3.592,0,0
5,5,5,1,4.324,9,9,3.865,7,2
4,5,4,5,0.12,1,1,4.105,1,0
4,3,4,5,0.752,2,1,3.079,1,0
1,1,1,1,2.664,13,7,3.75,9,2
3,4,2,4,0.218,2,1,2.889,2,0
1,5,1,5,3.656,18,4,3.422,11,2
5,1,5,1,4.178,8,7,3.951,13,2
2,2,3,3,2.942,6,3,3.631,6,1
2,1,1,2,2.663,7,2,3.139,4,1
1,5,5,1,3.214,16,8,3.541,12,2
3,2,2,3,0.063,2,1,3.448,0,0
2,1,1,1,2.678,6,2,3.82,4,1
1,1,2,3,2.628,4,2,3.321,4,1
5,4,5,4,0.571,0,0,4.224,1,0
5,5,5,5,0.168,1,0,2.635,1,0
1,1,1,2,1.61,6,3,3.711,4,1
3,3,3,3,0.054,1,1,2.578,0,0
4,3,3,5,0.676,1,0,4.223,2,0
1,1,2,3,2.712,5,3,3.562,4,1
4,4,3,4,0.097,0,1,3.191,2,0
5,5,5,5,0.001,0,1,2.982,2,0
4,3,5,5,0.363,0,1,4.455,1,0
4,4,3,5,0.339,1,0,4.488,1,0
3,3,3,4,0.635,2,0,2.641,2,0
1,1,1,2,1.617,6,2,3.247,3,1
4,4,4,3,0.836,2,0,4.139,2,0
1,5,1,5,3.254,11,9,3.589,13,2
5,5,4,4,0.503,1,1,3.979,0,0
4,4,5,4,0.221,0,0,4.402,0,0
5,5,1,1,3.899,14,6,4.396,11,2
5,5,5,5,0.478,0,1,4.036,2,0
3,2,2,4,0.746,1,1,3.893,2,0
4,4,4,5,0.619,1,1,3.878,0,0
3,3,4,4,0.658,2,1,4.366,0,0
5,4,5,5,0.801,1,0,2.72,2,0
3,3,4,3,0.316,1,0,3.72,2,0
3,3,2,2,0.232,0,1,3.295,1,0
1,1,1,5,4.432,15,5,3.983,11,2
3,3,2,2,0.195,0,0,3.156,0,0
1,5,5,1,3.976,15,6,2.609,11,2
4,3,5,5,0.087,1,0,3.883,1,0
1,1,1,5,4.334,10,4,3.098,10,2
1,1,1,1,4.166,15,7,4.083,12,2
3,3,1,2,2.093,4,2,3.402,6,1
4,5,4,5,0.749,2,1,2.908,2,0
3,4,4,2,0.396,1,1,4.111,0,0
1,1,5,5,3.861,19,5,3.522,14,2
3,2,4,4,0.334,0,1,2.777,1,0
5,5,5,5,0.856,1,1,3.119,0,0
4,4,4,5,0.614,0,0,2.883,2,0
5,5,4,5,0.848,2,0,3.361,1,0
3,2,3,3,1.795,4,3,3.041,3,1
5,5,5,1,3.371,14,9,3.892,12,2
3,2,3,3,0.101,2,1,4.123,0,0
4,3,4,4,0.712,0,1,3.665,2,0
5,5,5,5,3.157,18,4,3.705,7,2
3,2,3,2,0.805,0,1,3.372,1,0
5,5,1,5,3.194,14,7,4.345,13,2
5,5,5,4,0.475,1,0,2.582,1,0
5,5,5,4,0.518,0,0,2.973,0,0
3,2,3,4,0.255,0,1,3.256,1,0
3,3,2,3,0.383,2,1,3.595,0,0
1,1,1,5,3.733,10,5,3.192,8,2
4,3,4,3,0.099,0,0,4.237,1,0
1,5,1,5,4.196,9,8,3.08,8,2
1,1,2,1,1.67,5,2,3.547,4,1
3,2,4,3,0.515,1,1,4.004,1,0
5,4,4,5,0.695,2,0,3.288,1,0
3,3,2,4,0.88,0,0,4.298,0,0
4,5,4,5,0.67,2,0,3.751,0,0
3,3,2,2,0.996,0,1,3.005,0,0
1,1,1,5,3.184,11,8,3.136,10,2
5,4,4,4,0.913,1,1,4.159,0,0
1,1,5,1,3.853,18,5,3.357,11,2
5,4,5,5,0.032,2,1,3.121,0,0
3,3,4,3,0.047,0,0,3.254,0,0
5,5,5,5,0.543,0,0,3.048,1,0
4,3,4,5,0.292,0,1,3.449,2,0
1,1,3,3,2.366,5,2,3.017,4,1
2,1,3,1,2.378,6,3,3.934,6,1
1,1,3,3,2.272,6,3,3.467,4,1
5,5,5,5,0.386,2,1,3.878,1,0
1,1,5,1,2.561,11,7,2.908,13,2
3,4,2,2,0.291,1,0,4.216,1,0
1,1,3,1,1.802,4,3,3.075,5,1
1,5,5,5,3.158,14,8,3.4,8,2
3,2,1,1,2.581,6,3,3.184,3,1
3,3,2,3,0.468,0,1,3.357,2,0
4,3,4,3,0.568,2,0,4.473,1,0
5,5,5,5,0.615,2,1,4.424,2,0
4,3,3,3,0.58,1,0,3.058,0,0
1,1,1,1,3.395,16,8,3.521,13,2
3,3,2,4,0.713,1,0,3.017,0,0
1,5,1,1,3.859,13,5,4.421,10,2
1,1,3,2,2.539,4,2,3.995,3,1
1,1,5,5,2.838,13,4,4.207,10,2
1,5,1,5,3.89,9,5,4.481,10,2
5,5,5,5,0.385,2,1,3.364,2,0
4,5,4,5,0.342,0,0,2.949,0,0
3,3,4,3,0.446,1,1,3.642,1,0
3,3,2,3,2.577,6,3,3.092,4,1
4,3,4,5,0.6,1,0,3.528,1,0
5,1,5,5,2.821,13,7,2.961,13,2
4,3,5,3,0.048,1,0,3.922,1,0
5,5,5,5,0.522,1,0,2.983,1,0
5,5,5,5,0.677,1,1,3.692,1,0
4,5,4,4,0.844,1,1,2.935,1,0
1,1,1,1,2.43,7,3,3.126,5,1
1,1,1,2,1.511,4,2,3.139,4,1
5,1,5,1,3.107,13,6,3.034,10,2
3,3,3,2,0.36,0,1,3.126,2,0
3,2,2,3,2.799,5,2,3.137,5,1
4,3,5,5,0.053,0,0,3.638,0,0
1,5,5,5,3.639,10,6,3.021,8,2
5,5,5,5,0.445,2,0,3.399,0,0
3,2,3,3,0.446,2,0,4.355,2,0
4,4,4,4,0.808,1,1,2.728,0,0
1,5,1,5,4.114,12,5,3.778,11,2
1,5,5,1,2.767,19,5,2.941,14,2
3,3,3,2,0.467,2,0,3.799,0,0
5,4,5,5,0.112,2,1,3.015,1,0
1,1,1,5,3.721,17,6,3.972,11,2
1,1,5,5,3.027,11,6,2.549,8,2
3,4,4,3,0.976,2,1,4.144,1,0
1,1,1,5,4.465,16,6,3.378,9,2
3,3,2,3,0.055,1,1,3.438,0,0
1,5,5,1,2.632,13,4,4.462,11,2
4,3,4,4,0.307,1,1,3.186,2,0
1,1,3,3,2.836,7,3,3.459,3,1
5,5,5,5,3.343,16,6,3.204,7,2
3,2,4,3,0.821,1,1,3.376,0,0
4,4,4,4,0.582,0,1,3.302,2,0
5,5,5,5,0.819,0,0,3.199,2,0
5,1,1,1,3.751,19,8,3.85,13,2
1,1,2,2,2.514,4,2,3.963,4,1
4,3,5,4,0.579,1,0,4.063,1,0
3,3,1,3,2.925,7,2,3.019,5,1
1,5,1,1,4.078,14,6,2.935,14,2
5,4,5,5,0.759,2,0,3.007,2,0
4,5,3,5,0.493,2,0,3.311,1,0
5,4,5,5,0.565,2,0,4.331,2,0
1,5,1,5,4.314,14,7,3.591,11,2
1,1,5,5,2.642,13,7,2.788,7,2
4,3,5,4,0.452,0,1,4.18,0,0
3,3,3,3,0.677,2,0,3.032,1,0
4,5,5,3,0.425,0,0,2.867,1,0
4,4,5,4,0.244,1,0,2.947,2,0
1,5,1,1,2.935,19,6,3.647,8,2
5,1,1,1,2.979,8,4,3.448,8,2
5,4,5,5,0.35,1,1,4.083,2,0
4,3,3,5,0.235,1,0,3.31,1,0
3,3,3,3,0.27,1,1,4.499,1,0
4,3,3,4,0.795,1,0,4.455,0,0
5,5,5,5,0.272,2,1,3.257,1,0
4,5,4,3,0.709,2,1,2.775,2,0
3,2,4,4,0.929,1,0,4.186,1,0
4,5,5,3,0.753,1,0,2.756,1,0
5,5,4,5,0.859,1,0,3.281,0,0
1,5,1,1,4.32,9,8,3.754,10,2
5,5,5,5,0.345,0,1,3.744,1,0
5,4,5,4,0.343,2,0,4.391,1,0
4,4,4,3,0.423,0,0,3.385,2,0
5,5,5,4,0.44,0,0,3.656,0,0
5,4,5,5,0.053,1,1,2.611,1,0
5,5,4,4,0.566,0,1,4.102,1,0
4,3,4,3,0.464,0,1,4.33,1,0
4,5,4,4,0.899,2,1,2.698,0,0
3,4,4,2,0.165,1,0,4.353,2,0
1,1,1,5,4.469,13,4,3.93,8,2
1,1,1,1,3.079,11,8,4.446,10,2
3,2,1,2,1.537,7,3,3.221,4,1
2,2,1,3,2.453,6,3,3.207,3,1
5,5,5,5,0.998,2,0,3.316,0,0
5,4,4,4,0.623,1,1,3.237,2,0
3,4,3,4,0.406,0,0,4.316,1,0
5,5,5,5,3.584,14,9,2.796,11,2
1,1,5,5,4.43,14,9,3.299,9,2
1,1,1,5,3.903,18,6,2.599,11,2
1,1,1,1,3.927,13,7,3.869,8,2
1,1,1,3,2.472,6,2,3.872,6,1
1,1,2,1,2.377,6,2,3.031,4,1
5,1,1,5,3.97,8,5,3.839,14,2
4,3,4,5,0.963,1,1,2.658,0,0
3,3,2,4,0.903,2,1,2.693,0,0
5,5,4,5,0.867,1,0,2.754,2,0
5,5,4,5,0.581,0,0,2.883,2,0
5,5,4,5,0.848,2,1,3.444,2,0
3,3,2,2,0.935,1,0,4.336,1,0
2,2,1,2,1.858,4,2,3.305,4,1
4,3,5,5,0.544,1,1,3.097,0,0
1,1,5,1,3.495,18,7,3.962,7,2
1,1,2,3,2.008,4,2,3.205,4,1
4,3,4,4,0.874,1,0,3.945,2,0
1,1,5,5,2.969,17,8,3.667,9,2
5,5,5,5,0.915,0,1,3.407,1,0
1,1,3,3,2.999,6,2,3.787,6,1
1,1,3,3,2.064,6,2,3.54,4,1
4,4,4,4,0.637,1,0,3.433,1,0
5,4,5,5,0.095,1,1,3.307,0,0
1,5,1,1,3.95,15,7,3.86,7,2
3,2,2,1,1.732,7,3,3.249,3,1
1,5,1,1,4.473,12,8,2.784,7,2
3,2,4,4,0.512,1,1,3.623,0,0
5,4,4,5,0.11,1,1,2.982,1,0
3,4,3,2,0.101,1,1,4.5,2,0
1,1,2,1,2.933,7,3,3.001,3,1
1,1,5,1,4.353,18,5,3.131,10,2
4,3,3,5,0.932,0,0,3.036,2,0
3,2,3,4,0.707,2,1,3.259,2,0
1,1,2,2,2.032,4,2,3.493,3,1
3,3,3,4,0.644,2,1,4.234,2,0
1,1,2,3,2.611,7,2,3.607,6,1
3,3,2,4,0.892,2,1,3.155,1,0
4,5,3,5,0.836,0,1,2.741,1,0
3,3,4,3,0.051,1,0,3.182,0,0
1,1,5,1,3.599,9,7,3.805,11,2
2,2,3,1,2.344,6,2,3.714,3,1
3,2,3,2,0.085,0,1,3.989,1,0
1,5,5,1,3.088,14,9,3.949,12,2
5,5,5,5,0.778,1,1,3.386,2,0
4,5,5,3,0.889,1,1,3.957,0,0
5,4,4,4,0.315,0,1,3.87,2,0
4,3,5,4,0.442,0,0,3.131,2,0
3,2,2,4,0.386,2,0,2.986,2,0
4,4,3,4,0.665,2,0,3.844,1,0
1,5,1,5,3.328,15,4,3.037,14,2
4,5,5,5,0.921,1,1,4.41,1,0
1,5,1,5,4.312,9,8,3.759,8,2
4,5,5,3,0.83,0,0,2.885,1,0
3,2,2,4,0.948,1,0,2.712,0,0
3,4,4,4,0.733,2,1,3.985,0,0
1,5,1,5,4.0,8,5,3.386,12,2
4,5,4,3,0.684,2,1,2.907,0,0
2,2,2,2,2.268,4,3,3.048,6,1
3,4,2,4,0.425,0,0,4.024,1,0
1,1,5,5,3.673,16,9,3.96,14,2
1,1,2,3,2.912,7,2,3.515,6,1
2,1,1,2,1.689,7,3,3.269,6,1
4,4,5,3,0.539,2,1,3.468,2,0
4,4,5,4,0.43,1,0,4.313,2,0
5,5,5,5,0.982,1,0,4.396,2,0
1,5,1,1,3.023,8,7,3.953,14,2
1,1,1,5,3.8,11,8,3.744,14,2
3,4,4,3,0.36,2,0,2.89,1,0
5,4,4,4,0.299,1,0,2.935,0,0
4,3,5,5,0.524,0,1,3.715,2,0
3,4,4,2,0.279,2,1,4.346,0,0
5,1,1,5,3.761,9,4,2.811,13,2
2,1,3,1,2.862,4,3,3.735,5,1
5,5,4,5,0.116,1,0,2.941,0,0
4,3,5,5,0.715,1,1,4.11,0,0
4,3,3,3,0.559,2,1,2.789,2,0
4,3,5,4,0.026,2,0,3.608,1,0
3,2,1,2,2.412,5,2,3.676,6,1
4,3,4,3,0.341,1,0,3.6,0,0
5,4,5,5,0.92,0,1,4.351,2,0
5,1,5,5,3.504,13,9,3.179,11,2
3,4,2,3,0.302,2,0,4.209,1,0
5,4,5,4,0.446,0,0,4.389,2,0
4,4,5,4,0.9,2,0,4.239,1,0
1,1,2,2,2.593,7,2,3.371,4,1
4,4,3,4,0.485,1,0,4.137,1,0
1,5,5,1,3.376,11,7,3.599,11,2
4,3,5,5,0.256,1,1,3.855,2,0
2,1,3,3,2.116,7,3,3.896,5,1
1,1,5,5,3.141,15,5,2.979,8,2
3,3,3,2,0.296,1,1,3.384,1,0
5,4,5,5,0.395,0,1,3.058,1,0
1,5,1,1,4.217,15,8,3.006,8,2
3,2,2,4,0.864,2,0,3.888,1,0
3,2,4,4,0.073,2,1,2.936,2,0
3,3,3,4,0.359,0,1,3.265,0,0
5,5,4,5,0.459,0,0,4.36,0,0
3,2,2,2,0.439,1,1,2.761,2,0
3,3,4,4,0.469,0,0,2.651,2,0
1,1,2,2,2.006,4,2,3.962,4,1
3,4,2,3,0.345,0,1,3.918,0,0
3,3,2,3,0.113,2,0,4.207,1,0
1,5,1,1,4.5,12,4,2.728,14,2
3,4,2,4,0.837,2,1,4.498,0,0
3,3,2,4,0.973,1,0,3.62,0,0
1,5,1,5,4.113,13,7,3.36,14,2
3,4,3,3,0.055,1,0,3.464,0,0
3,3,4,2,0.941,1,1,3.629,2,0
1,1,1,1,3.877,8,7,4.423,14,2
3,3,2,3,0.111,1,1,3.429,2,0
3,2,2,1,2.347,5,2,3.1,5,1
5,4,5,4,0.055,1,1,4.219,0,0
5,5,1,5,4.432,13,5,4.122,8,2
3,2,2,3,0.089,0,1,4.337,1,0
4,4,5,5,0.159,0,1,2.834,1,0
2,2,3,3,2.124,7,2,3.599,4,1
1,1,1,1,4.063,8,9,3.154,9,2
3,2,3,2,1.839,4,2,3.815,4,1
4,3,3,4,0.306,0,1,3.028,0,0
4,4,4,5,0.435,1,1,2.882,1,0
5,4,5,5,0.536,1,1,2.51,1,0
4,5,4,5,0.461,2,0,4.36,2,0
2,1,2,2,2.702,5,3,3.482,3,1
3,4,4,4,0.765,1,0,3.048,1,0
1,1,5,1,2.616,11,6,3.797,12,2
4,5,4,5,0.812,2,0,4.201,2,0
4,3,3,4,0.321,0,0,3.354,2,0
4,3,4,3,0.383,1,1,3.111,0,0
1,5,1,5,3.081,15,9,2.794,12,2
1,5,1,5,4.317,11,6,3.436,10,2
4,3,3,5,0.375,0,0,3.138,1,0
1,1,5,5,3.883,8,8,3.821,13,2
3,3,3,2,0.547,2,0,3.997,0,0
3,4,3,3,0.537,0,1,3.151,0,0
4,3,4,3,0.947,2,0,2.98,1,0
5,5,4,5,0.912,0,0,3.743,2,0
2,1,3,3,2.026,4,2,3.534,3,1
4,3,5,3,0.806,2,1,2.883,2,0
3,2,4,4,0.894,0,1,3.98,1,0
5,5,1,1,2.653,19,9,3.734,14,2
4,4,4,3,0.454,2,1,4.334,1,0
4,3,3,3,0.506,0,1,4.366,2,0
5,4,5,4,0.135,2,1,4.159,0,0
1,5,5,5,4.276,9,9,3.612,8,2
5,5,1,5,3.373,15,6,3.276,8,2
3,2,4,3,0.074,1,0,2.865,2,0
2,1,3,3,1.887,7,2,3.46,4,1
1,1,3,3,1.925,5,2,3.995,3,1
1,1,1,5,3.119,12,9,4.177,13,2
5,4,5,5,0.613,2,0,3.472,0,0
5,5,5,4,0.918,1,0,2.883,0,0
5,1,1,5,3.902,14,8,2.745,10,2
2,2,2,1,1.606,4,2,3.325,5,1
3,3,2,2,1.743,7,3,3.739,3,1
5,4,4,5,0.946,0,0,4.049,1,0
5,5,5,5,3.511,12,4,3.112,9,2
5,5,5,5,0.823,2,1,3.424,0,0
5,5,5,4,0.699,0,1,2.604,2,0
3,2,2,4,0.887,2,0,3.999,2,0
5,5,5,5,0.325,0,0,3.13,1,0
4,4,3,3,0.502,1,1,3.62,0,0
3,3,3,3,2.313,4,2,3.766,6,1
5,5,5,5,0.518,1,0,4.368,1,0
4,5,5,4,0.944,1,0,4.244,0,0
3,4,4,2,0.715,2,0,3.597,2,0
3,2,3,3,0.255,0,0,3.593,0,0
1,5,1,1,4.029,17,4,4.275,10,2
4,5,4,4,0.754,1,1,4.059,2,0
4,3,4,4,0.669,2,0,2.826,0,0
5,5,5,5,0.321,1,0,2.601,2,0
5,1,1,1,2.881,13,9,2.501,14,2
1,1,2,2,2.168,5,2,3.126,6,1
1,1,2,2,2.49,4,3,3.764,3,1
2,2,1,3,2.822,4,2,3.825,3,1
3,4,2,2,0.962,1,0,2.629,0,0
5,4,5,5,0.364,1,0,2.758,1,0
5,5,5,5,0.298,0,1,2.803,1,0
4,5,4,3,0.973,1,1,3.385,0,0
4,3,3,5,0.068,2,1,2.929,1,0
3,4,2,4,0.942,0,0,3.205,1,0
3,3,3,1,2.3,7,3,3.396,4,1
4,5,4,5,0.455,1,0,3.913,2,0
4,5,3,4,0.076,2,1,2.852,1,0
5,4,5,4,0.195,1,0,3.486,0,0
3,4,3,3,0.633,2,1,3.708,0,0
3,3,2,4,0.683,2,0,3.504,1,0
1,5,5,1,3.066,18,4,3.197,13,2
1,1,2,3,2.34,4,2,3.813,3,1
1,1,1,5,3.752,19,9,3.309,11,2
4,5,4,5,0.071,2,1,3.368,0,0
5,4,5,5,0.305,0,0,2.672,1,0
2,2,2,1,1.723,4,3,3.527,6,1
4,5,4,3,0.46,0,1,2.921,0,0
1,1,1,1,2.57,17,5,2.65,12,2
3,3,3,3,2.336,6,3,3.651,5,1
5,5,5,5,0.604,0,0,4.498,2,0
3,4,3,2,0.846,0,0,2.58,0,0
5,5,5,5,0.698,0,0,3.172,2,0
1,5,1,1,4.208,15,5,3.588,11,2
4,4,3,5,0.496,0,0,4.255,0,0
5,1,5,1,3.295,14,9,3.043,14,2
3,2,2,2,0.669,1,0,2.75,0,0
1,1,3,2,2.826,4,2,3.186,6,1
1,1,5,1,3.477,11,5,2.978,8,2
2,2,1,2,2.341,7,3,3.355,5,1
1,1,1,2,1.889,6,2,3.119,5,1
4,3,5,4,0.831,0,0,4.25,2,0
5,5,4,5,0.459,0,1,4.384,2,0
4,3,5,3,0.45,0,0,3.516,1,0
5,5,5,4,0.113,0,0,3.501,2,0
1,5,5,5,2.688,11,7,3.745,7,2
1,1,3,1,2.232,6,3,3.734,5,1
3,2,4,2,0.489,0,1,2.944,0,0
3,3,2,4,0.048,1,0,2.735,2,0
1,5,1,5,3.062,15,6,2.853,11,2
5,4,4,5,0.188,2,1,4.111,1,0
3,2,3,3,0.245,0,1,2.601,0,0
1,5,5,1,2.685,10,6,3.195,12,2
3,2,2,2,1.669,6,3,3.041,6,1
5,5,5,5,0.922,1,0,2.757,2,0
4,3,4,5,0.263,0,1,3.878,2,0
4,4,4,3,0.89,2,0,4.124,0,0
3,2,3,1,1.735,5,2,3.726,5,1
2,1,2,1,1.547,4,3,3.836,3,1
5,4,5,5,0.974,1,1,3.525,1,0
3,2,1,3,2.894,6,2,3.58,5,1
3,4,3,4,0.169,1,1,4.176,1,0
1,1,3,3,1.69,6,2,3.845,6,1
3,2,2,2,0.034,2,1,3.89,2,0
4,4,5,5,0.841,0,0,3.234,1,0
3,2,4,4,0.695,1,0,3.78,2,0
5,5,4,5,0.14,2,0,3.915,2,0
4,5,3,4,0.342,2,1,3.628,1,0
4,4,3,4,0.806,2,1,3.255,1,0
5,5,5,4,0.129,0,1,2.756,1,0
5,5,4,4,0.603,1,1,2.529,0,0
5,4,5,4,0.528,1,0,4.181,0,0
2,1,2,1,1.948,4,3,3.23,4,1
5,5,4,4,0.933,1,1,3.077,2,0
1,1,5,5,3.501,12,4,3.284,11,2
4,5,5,3,0.001,1,1,2.829,2,0
3,2,2,3,0.315,0,0,4.481,1,0
5,5,4,5,0.057,1,0,3.419,2,0
3,2,4,2,0.07,2,1,4.406,1,0
5,4,5,5,0.93,2,0,3.374,0,0
3,4,3,3,0.528,2,0,2.915,1,0
2,2,1,2,1.855,4,2,3.132,6,1
1,1,5,5,2.567,11,4,3.106,7,2
5,5,5,4,0.421,2,0,3.823,2,0
3,3,2,2,0.316,1,1,3.192,2,0
4,5,5,3,0.329,0,1,4.243,0,0
2,2,1,2,1.581,6,3,3.55,6,1
4,5,5,5,0.945,0,1,3.642,0,0
5,4,5,5,0.849,0,1,3.481,2,0
4,3,5,5,0.269,0,0,2.588,2,0
3,4,4,4,0.806,1,0,3.575,0,0
2,1,1,2,1.682,6,2,3.411,3,1
5,5,5,5,0.314,2,0,2.712,0,0
1,1,1,3,2.395,7,2,3.263,5,1
4,3,4,5,0.475,2,1,3.782,0,0
3,2,3,3,0.79,2,0,3.191,2,0
4,4,5,4,0.53,1,0,4.163,1,0
5,4,5,4,0.129,2,0,3.877,0,0
5,5,5,5,0.259,2,0,2.572,2,0
5,4,4,5,0.271,1,0,3.731,2,0
1,1,2,1,2.676,6,2,3.792,3,1
4,3,5,4,0.56,1,1,3.755,2,0
5,4,5,5,0.687,0,0,4.345,0,0
3,2,3,4,0.04,0,1,3.396,0,0
4,5,4,4,0.618,1,1,4.288,1,0
4,4,3,3,0.23,1,1,4.152,0,0
3,2,2,3,1.868,4,2,3.794,4,1
1,1,2,3,2.96,4,2,3.268,4,1
1,1,5,1,3.915,10,4,4.24,9,2
3,2,4,4,0.801,0,0,3.173,0,0
4,5,4,5,0.17,0,1,2.53,2,0
5,5,5,5,0.13,0,1,2.638,2,0
1,5,5,1,3.566,17,8,4.403,9,2
3,2,4,2,0.416,1,1,2.959,1,0
1,5,1,5,2.769,15,8,4.327,8,2
4,3,5,4,0.988,1,0,2.595,2,0
1,5,5,5,4.041,17,9,4.447,7,2
4,4,5,3,0.242,1,0,4.088,2,0
1,1,1,3,1.5,4,2,3.934,3,1
4,4,4,3,0.475,1,0,3.121,0,0
1,5,5,5,3.331,10,5,3.248,7,2
1,1,3,3,2.049,6,2,3.672,6,1
5,5,5,5,0.87,1,0,3.856,2,0
1,1,1,1,4.375,14,9,2.605,9,2
5,4,5,5,0.486,2,0,3.776,1,0
1,1,1,5,2.69,14,4,2.504,11,2
1,1,5,1,2.909,17,7,3.23,10,2
4,4,4,4,0.378,0,0,3.878,2,0
1,1,2,1,2.066,4,3,3.255,6,1
1,1,5,5,2.848,15,8,4.296,10,2
4,5,4,5,0.295,1,0,4.243,1,0
3,4,2,3,0.551,1,0,2.752,1,0
3,2,4,2,0.324,1,1,3.596,2,0
1,5,5,1,3.92,9,5,3.323,12,2
2,1,1,3,2.87,7,2,3.921,6,1
1,1,1,2,1.655,4,3,3.13,6,1
1,1,3,2,2.852,6,3,3.32,4,1
2,2,1,3,1.594,5,3,3.495,3,1
4,4,5,5,0.141,0,0,2.859,0,0
5,5,5,5,0.847,0,1,3.845,2,0
4,3,3,3,0.836,1,0,4.412,1,0
5,5,5,4,0.514,1,0,2.749,0,0
3,4,4,4,0.509,1,0,3.041,0,0
5,5,1,1,4.234,18,5,4.216,9,2
3,2,3,2,0.065,2,0,2.752,0,0
1,5,5,5,3.357,12,8,3.633,11,2
5,5,4,5,0.608,1,0,2.827,0,0
4,3,3,5,0.045,1,1,4.244,1,0
3,2,1,2,2.323,7,3,3.317,5,1
1,1,1,1,4.125,16,7,2.521,11,2
5,5,4,4,0.618,1,0,2.813,2,0
5,5,5,5,0.294,2,0,3.5,2,0
4,3,5,5,0.853,1,0,3.483,0,0
3,4,2,3,0.97,2,1,2.851,2,0
4,3,5,3,0.499,1,0,3.667,1,0
5,5,5,4,0.242,2,1,3.26,0,0
5,5,5,5,0.134,2,1,3.136,2,0
1,1,2,2,1.517,6,3,3.309,5,1
1,1,1,1,1.799,6,2,3.064,6,1
4,3,5,5,0.641,2,0,3.04,0,0
4,4,3,4,0.261,1,1,3.119,0,0
2,2,1,3,2.596,4,2,3.912,5,1
2,1,1,3,2.528,7,2,3.533,4,1
1,1,1,1,3.723,10,9,2.691,10,2
4,3,5,3,0.677,1,0,4.064,2,0
1,1,5,1,3.339,11,8,2.571,11,2
4,4,4,3,0.135,0,0,4.235,0,0
5,1,1,1,2.545,10,7,3.608,13,2
5,4,5,5,0.787,0,0,3.22,0,0
5,1,5,1,3.876,12,7,3.004,7,2
3,4,2,2,0.452,1,0,2.814,1,0
4,3,5,3,0.68,0,0,2.69,2,0
5,4,5,5,0.177,1,1,4.412,1,0
1,1,5,5,4.219,15,7,3.527,10,2
5,1,5,5,4.329,18,9,2.632,13,2
4,5,4,5,0.288,2,0,3.828,2,0
1,5,1,1,3.584,17,7,4.3,9,2
5,4,5,5,0.287,1,1,4.222,0,0
4,3,3,4,0.159,2,0,2.712,2,0
4,5,4,3,0.798,2,0,3.119,2,0
2,1,3,1,2.314,4,2,3.348,4,1
3,2,4,3,0.861,1,1,3.403,1,0
1,1,2,1,2.127,4,2,3.993,4,1
1,5,5,5,2.695,12,8,4.492,9,2
5,5,5,4,0.345,1,0,3.361,1,0
1,1,2,1,1.934,6,3,3.8,4,1
5,5,5,4,0.418,0,0,3.572,1,0
5,4,5,4,0.197,2,1,2.956,1,0
4,5,4,4,0.88,2,0,3.324,2,0
5,5,5,1,3.914,14,5,4.121,10,2
4,5,4,5,0.06,2,1,3.688,0,0
3,2,2,4,0.176,2,0,3.174,2,0
3,2,4,3,0.524,1,1,4.081,1,0
4,3,4,5,0.063,2,0,4.356,1,0
3,2,2,1,2.859,7,2,3.674,5,1
3,3,2,2,2.749,6,3,3.847,5,1
4,3,3,3,0.683,1,0,3.953,1,0
5,1,1,5,2.927,17,7,3.349,9,2
1,1,1,3,2.221,5,2,3.121,3,1
4,5,4,4,0.233,0,0,2.562,0,0
3,4,2,4,0.708,0,1,3.003,1,0
1,1,5,5,3.155,16,9,3.484,13,2
5,5,4,5,0.59,0,0,2.553,0,0
3,2,4,4,0.49,1,1,3.571,1,0
5,4,5,5,0.339,1,1,4.216,1,0
4,5,5,3,0.117,2,0,2.727,1,0
1,5,5,5,3.213,11,5,3.501,8,2
4,5,4,5,0.992,1,1,4.183,1,0
4,4,3,5,0.402,2,1,3.193,0,0
3,4,4,4,0.237,1,1,2.754,2,0
1,1,5,1,3.568,15,4,3.667,9,2
5,5,5,5,0.667,2,0,3.668,1,0
2,1,2,2,1.513,5,3,3.126,3,1
1,1,5,1,2.623,8,9,3.493,7,2
2,2,3,1,1.597,7,3,3.622,5,1
5,5,5,5,0.724,0,0,2.902,0,0
2,1,1,3,1.648,6,2,3.56,5,1
4,5,5,3,0.817,0,1,4.377,0,0
5,5,5,5,0.698,2,1,2.699,1,0
5,5,5,1,3.697,16,9,4.384,11,2
1,1,5,1,2.541,9,6,3.563,12,2
2,1,2,2,2.142,6,3,3.028,4,1
3,4,2,2,0.975,0,0,3.642,0,0
4,3,4,5,0.594,2,1,2.828,2,0
3,2,4,3,0.107,1,1,2.795,0,0
2,2,3,1,2.795,5,2,3.303,5,1
5,4,5,4,0.275,0,0,2.511,2,0
3,3,2,2,2.777,5,3,3.853,6,1
4,5,4,3,0.557,0,0,3.684,2,0
4,5,3,3,0.608,1,1,3.031,0,0
4,4,3,5,0.373,0,0,4.019,1,0
3,4,3,4,0.943,1,0,3.675,0,0
2,2,3,3,2.272,4,2,3.978,3,1
3,3,4,2,0.69,2,1,3.618,0,0
3,2,4,2,0.287,1,0,2.668,0,0
1,5,1,5,4.126,10,5,3.045,9,2
4,5,4,5,0.382,1,1,4.494,0,0
3,3,3,4,0.833,1,0,3.284,1,0
5,5,1,5,2.777,12,9,3.35,14,2
3,3,2,3,0.432,1,1,4.355,2,0
5,5,5,4,0.358,1,0,2.94,2,0
5,5,5,5,0.253,0,1,2.561,0,0
1,1,1,1,3.534,15,5,4.068,13,2
5,4,5,5,0.47,1,0,4.01,1,0
2,2,1,3,2.418,7,3,3.071,4,1
3,2,1,1,1.629,6,3,3.378,6,1
3,4,3,4,0.135,1,1,2.789,0,0
4,5,4,3,0.803,2,0,2.584,2,0
4,5,5,5,0.862,1,0,3.436,0,0
5,5,1,1,3.332,18,5,3.92,10,2
4,5,4,4,0.777,0,0,3.822,1,0
2,2,2,2,2.394,5,3,3.17,4,1
4,3,3,3,0.834,2,0,2.871,1,0
4,3,5,3,0.933,0,0,3.819,0,0
3,3,4,3,0.369,2,0,3.054,2,0
3,2,4,3,0.855,1,0,3.744,2,0
4,3,5,3,0.191,0,1,2.862,1,0
5,4,4,4,0.954,0,1,4.308,2,0
5,5,5,1,4.157,11,6,3.511,8,2
1,5,5,5,3.524,8,8,2.824,9,2
3,3,2,1,2.332,4,2,3.004,5,1
4,5,5,4,0.847,0,1,2.686,2,0
3,3,4,4,0.501,2,1,3.397,2,0
2,1,3,3,2.602,6,3,3.019,5,1
3,3,2,3,0.699,1,1,3.485,1,0
3,2,2,3,0.308,2,0,4.253,0,0
2,2,2,3,2.984,7,3,3.255,3,1
4,5,3,5,0.296,0,0,2.792,1,0
4,5,5,5,0.077,0,1,3.081,0,0
3,2,3,2,0.722,0,1,4.193,0,0
3,3,3,2,2.268,5,2,3.538,3,1
4,3,3,4,0.801,0,1,4.082,0,0
1,1,5,5,4.031,9,7,4.261,13,2
3,3,4,2,0.368,0,0,4.11,0,0
1,5,5,1,4.269,9,8,3.357,9,2
5,5,5,5,0.338,2,0,3.254,0,0
5,4,4,4,0.722,0,1,3.121,1,0
4,5,3,3,0.762,1,1,4.497,0,0
4,5,5,4,0.228,2,0,3.091,0,0
3,3,2,2,2.53,6,2,3.83,4,1
1,1,3,2,2.297,5,2,3.791,6,1
4,4,5,3,0.778,2,1,3.628,2,0
5,5,4,5,0.301,2,0,3.252,1,0
5,5,4,5,0.339,0,0,3.66,2,0
5,5,5,4,0.764,1,0,2.758,2,0
4,5,5,5,0.301,1,0,3.314,1,0
3,4,3,2,0.702,0,0,2.721,0,0
1,5,5,5,3.555,14,8,2.926,8,2
4,4,3,3,0.999,0,1,3.617,1,0
5,5,4,4,0.291,0,1,3.093,0,0
1,1,2,2,1.657,5,3,3.38,6,1
4,4,4,3,0.151,0,1,4.275,1,0
3,2,3,2,0.825,2,0,4.48,1,0
1,1,2,1,2.932,6,2,3.909,3,1
1,1,5,5,4.268,14,7,4.336,14,2
2,1,1,2,1.659,6,2,3.291,4,1
5,5,5,5,0.006,2,1,2.699,2,0
5,4,5,5,0.572,0,0,2.92,2,0
1,1,1,5,4.401,19,4,3.256,12,2
3,2,3,4,0.16,2,0,3.565,2,0
5,4,5,5,0.642,1,0,2.935,1,0
5,5,5,4,0.363,0,1,4.458,1,0
5,1,5,5,2.811,10,6,3.337,9,2
2,1,3,3,1.604,7,3,3.29,6,1
4,5,3,5,0.416,1,1,4.154,2,0
5,5,5,5,0.933,0,0,3.785,1,0
5,5,5,4,0.691,0,1,3.258,1,0
3,3,1,3,1.967,4,2,3.156,3,1
4,4,4,4,0.158,1,1,2.813,1,0
4,3,5,3,0.153,1,1,2.637,2,0
4,3,4,4,0.128,1,0,3.916,2,0
4,4,4,5,0.399,0,1,4.045,0,0
4,3,3,5,0.814,2,1,2.911,1,0
1,1,5,1,2.709,8,5,4.22,12,2
3,4,2,3,0.072,0,0,3.274,2,0
1,1,1,5,3.271,10,8,3.877,8,2
1,1,1,3,2.877,5,2,3.803,5,1
4,4,4,5,0.376,0,0,4.065,0,0
1,1,1,1,2.824,17,8,4.344,13,2
1,5,1,5,3.041,16,5,4.241,9,2
4,4,4,3,0.412,0,1,3.285,2,0
4,3,5,4,0.424,1,0,3.526,2,0
4,5,3,3,0.075,1,1,2.541,2,0
3,3,4,4,0.01,0,0,3.377,0,0
5,5,5,5,0.231,2,0,3.302,2,0
1,1,3,3,2.019,5,3,3.003,3,1
1,5,5,5,4.219,13,5,3.461,11,2
5,5,4,5,0.793,0,0,3.537,0,0
3,2,3,3,0.131,2,0,4.184,1,0
1,5,1,1,2.537,10,9,4.036,12,2
5,4,4,5,0.688,1,1,3.114,0,0
5,5,5,5,3.484,19,6,2.943,10,2
3,2,2,2,0.939,2,0,3.952,2,0
5,1,5,1,2.589,12,7,3.034,14,2
2,1,1,3,2.522,6,2,3.514,4,1
1,1,5,1,4.312,16,5,3.363,7,2
5,4,5,4,0.02,0,1,3.535,1,0
4,4,3,3,0.327,2,1,2.974,0,0
3,3,2,2,0.79,2,0,3.75,1,0
3,3,3,4,0.293,0,0,4.03,0,0
4,5,3,4,0.863,1,1,4.489,0,0
2,2,1,1,2.492,7,2,3.895,3,1
3,3,2,1,2.835,6,2,3.73,6,1
5,5,5,5,3.92,19,7,3.314,7,2
4,3,4,5,0.904,1,0,3.972,1,0
1,5,5,5,3.172,14,9,3.301,7,2
5,5,5,5,0.005,1,0,2.895,0,0
5,5,5,4,0.263,1,1,3.023,2,0
4,3,4,4,0.423,1,1,3.231,0,0
5,4,5,5,0.804,2,1,3.092,0,0
5,5,5,4,0.718,0,1,4.162,0,0
2,2,3,1,2.895,7,3,3.963,3,1
3,4,2,3,0.754,1,0,2.8,1,0
3,4,4,3,0.305,0,0,2.541,0,0
2,1,2,3,2.53,7,2,3.311,3,1
3,4,4,4,0.109,1,0,3.854,2,0
1,5,1,5,2.524,11,8,3.079,13,2
3,3,3,3,0.569,1,1,3.561,1,0
3,4,3,3,0.757,0,0,2.968,0,0
3,3,2,2,2.044,4,2,3.6,4,1
1,1,2,3,2.747,6,2,3.75,5,1
4,3,4,5,0.616,2,1,3.659,2,0
5,5,5,5,0.325,1,0,2.567,1,0
4,3,4,5,0.819,0,0,2.795,0,0
1,5,1,1,3.985,9,8,4.329,9,2
5,4,5,4,0.369,0,0,3.907,0,0
1,1,1,1,3.334,15,9,3.359,12,2
3,4,4,3,0.034,0,0,4.286,2,0
3,2,2,4,0.878,0,1,3.818,2,0
1,5,1,5,3.538,8,7,2.523,12,2
5,5,5,4,0.001,2,1,4.285,0,0
5,4,5,5,0.448,1,1,4.33,0,0
3,2,3,4,0.148,0,1,3.862,0,0
3,2,3,1,2.711,5,3,3.304,4,1
4,4,5,5,0.057,0,1,3.677,0,0
5,5,5,5,0.612,1,0,3.333,2,0
4,5,3,5,0.828,0,0,3.678,0,0
3,3,4,3,0.489,2,0,2.923,1,0
4,5,5,4,0.168,0,0,2.571,2,0
4,4,5,3,0.103,1,0,2.688,2,0
1,5,5,1,2.646,15,5,4.194,12,2
2,2,1,3,2.19,7,3,3.014,4,1
1,1,5,1,2.564,13,8,3.295,11,2
5,5,5,4,0.845,0,1,2.855,0,0
3,2,3,4,0.901,0,0,3.607,2,0
1,5,1,5,2.751,11,4,3.391,14,2
4,5,3,3,0.476,1,0,4.221,2,0
2,2,2,2,2.519,6,3,3.388,5,1
1,1,1,1,4.249,16,4,2.875,11,2
3,2,4,2,0.986,2,0,2.99,1,0
3,4,3,2,0.962,2,1,2.834,0,0
3,3,3,3,2.356,4,3,3.784,4,1
3,2,3,4,0.679,2,0,4.43,0,0
1,5,1,1,4.081,8,7,3.259,11,2
5,5,5,5,0.969,2,0,3.165,0,0
4,4,3,5,0.476,2,1,3.52,0,0
5,4,4,5,0.699,0,1,2.581,1,0
1,1,5,5,3.503,18,6,3.042,11,2
2,1,3,2,1.633,7,2,3.921,4,1
4,5,4,5,0.979,0,0,4.344,1,0
3,2,2,3,0.43,1,1,3.249,0,0
2,1,1,1,1.746,7,3,3.668,5,1
3,2,4,3,0.484,2,0,4.248,1,0
5,5,5,5,0.368,1,1,3.927,0,0
1,1,1,5,3.335,9,4,4.325,14,2
5,5,5,4,0.706,2,0,3.606,0,0
4,4,4,5,0.06,0,1,3.101,0,0
4,3,4,4,0.038,2,0,3.0,1,0
1,1,2,2,2.348,5,2,3.705,6,1
5,5,5,5,3.542,9,7,2.903,10,2
5,4,5,4,0.786,1,1,2.701,2,0
5,1,1,5,3.266,13,5,4.137,12,2
5,4,5,4,0.555,2,0,2.762,2,0
3,2,3,4,0.777,0,0,3.916,1,0
5,1,5,5,2.785,12,7,3.638,13,2
1,5,1,5,4.398,9,5,3.166,7,2
2,2,1,2,1.918,7,2,3.196,4,1
5,5,5,5,0.177,0,0,3.626,0,0
3,2,3,3,0.157,2,1,2.875,1,0
5,4,4,5,0.84,2,0,4.194,0,0
5,4,5,5,0.99,1,1,3.967,2,0
4,5,3,4,0.76,1,1,2.808,1,0
2,2,2,1,1.572,5,3,3.6,5,1
5,5,5,5,3.039,13,8,3.663,11,2
4,4,3,3,0.017,1,0,3.238,2,0
3,4,3,3,0.572,2,1,4.112,2,0
4,4,3,4,0.05,2,1,3.211,2,0
1,1,3,1,1.574,6,3,3.01,4,1
1,5,5,1,2.518,11,8,3.922,9,2
4,3,4,5,0.035,0,1,2.553,0,0
3,2,2,2,0.882,0,1,2.634,2,0
4,5,3,3,0.78,0,0,3.145,0,0
5,5,5,5,0.992,2,0,3.326,1,0
1,1,1,5,2.562,12,7,4.018,13,2
4,4,3,3,0.003,1,0,3.684,1,0
1,1,5,1,4.311,10,8,4.231,12,2
4,4,5,4,0.127,2,0,2.646,2,0
5,5,5,5,0.19,2,1,3.542,0,0
3,2,1,2,2.385,5,3,3.845,4,1
3,3,4,3,0.856,1,1,2.867,2,0
1,5,1,1,3.143,8,8,4.291,10,2
1,5,1,1,3.318,16,4,4.219,9,2
3,3,3,2,0.211,0,1,3.171,1,0
3,2,4,3,0.024,1,1,3.832,2,0
1,1,1,3,2.702,4,3,3.212,6,1
3,3,4,3,0.615,2,0,3.807,1,0
3,3,3,4,0.742,0,1,3.237,0,0
5,4,5,5,0.572,0,0,3.45,1,0
3,2,4,2,0.993,0,0,4.373,2,0
5,4,5,5,0.539,1,0,3.63,1,0
3,3,2,1,2.134,6,3,3.259,4,1
1,1,1,3,2.592,4,3,3.223,6,1
3,3,3,3,2.397,4,2,3.353,6,1
2,2,2,2,1.839,4,3,3.309,6,1
1,1,3,2,2.717,4,2,3.071,6,1
5,4,5,5,0.05,0,0,2.63,1,0
4,4,5,3,0.094,1,0,3.133,0,0
5,5,5,5,3.206,16,7,3.657,13,2
4,3,4,3,0.997,1,0,4.203,0,0
4,5,3,5,0.364,0,1,4.013,2,0
3,2,3,3,2.238,4,3,3.611,3,1
4,3,5,4,0.877,2,1,3.402,0,0
5,5,5,4,0.285,0,1,2.561,0,0
2,1,2,1,2.112,7,3,3.227,5,1
4,3,3,4,0.482,2,1,3.445,1,0
1,1,2,2,2.502,4,3,3.164,6,1
5,4,5,4,0.707,0,1,2.67,1,0
5,5,5,4,0.787,0,1,4.139,2,0
1,1,2,2,2.023,5,2,3.097,4,1
4,5,4,5,0.986,1,0,3.083,1,0
5,5,5,4,0.118,1,0,3.911,2,0
1,1,2,2,1.702,6,3,3.107,3,1
2,2,1,3,1.776,5,2,3.969,5,1
4,3,4,4,0.797,0,0,3.634,1,0
2,2,1,2,2.284,4,3,3.097,6,1
5,5,5,5,0.712,0,0,4.215,2,0
1,1,1,1,2.645,7,2,3.557,4,1
1,1,5,1,3.365,16,5,2.577,11,2
3,3,2,2,2.433,4,2,3.281,4,1
1,1,3,2,2.943,4,2,3.436,5,1
4,5,5,5,0.645,0,1,3.963,1,0
1,5,1,5,3.463,19,4,3.105,8,2
3,2,4,4,0.589,2,1,3.812,1,0
3,4,2,2,0.154,2,0,3.367,0,0
5,5,5,5,2.62,19,5,3.786,13,2
2,2,3,1,2.122,5,2,3.923,3,1
5,4,5,5,0.209,2,1,3.366,2,0
4,4,3,4,0.243,0,0,4.432,2,0
4,4,5,5,0.906,2,0,3.2,1,0
1,1,1,3,2.919,4,2,3.163,4,1
5,5,4,5,0.744,1,0,4.352,1,0
3,3,3,4,0.722,1,0,3.279,2,0
4,4,4,4,0.884,1,1,3.006,1,0
5,4,5,5,0.69,2,0,3.643,0,0
2,1,1,3,2.22,4,2,3.359,5,1
2,1,2,3,2.3,7,2,3.591,5,1
4,4,5,5,0.877,2,1,3.214,1,0
3,2,3,2,2.791,5,3,3.193,6,1
5,5,5,5,0.666,0,1,3.912,0,0
3,2,2,3,0.707,2,0,2.505,0,0
3,2,3,3,0.63,2,1,3.649,2,0
5,5,4,4,0.04,0,1,3.313,0,0
3,2,2,3,0.132,1,1,3.399,0,0
1,5,1,1,3.003,19,9,3.941,13,2
3,2,2,2,0.301,1,0,3.604,0,0
1,5,5,5,4.09,9,7,3.596,13,2
5,5,4,5,0.382,0,0,3.937,0,0
1,5,1,5,3.877,14,4,3.969,12,2
4,5,4,3,0.731,2,1,3.045,1,0
5,5,5,4,0.789,2,1,3.085,0,0
4,3,5,3,0.423,0,1,4.356,0,0
5,5,5,4,0.634,0,0,3.945,1,0
3,3,2,1,2.663,7,2,3.324,4,1
1,1,5,5,4.3,15,5,4.072,12,2
1,5,5,1,3.74,8,5,2.82,9,2
5,1,5,5,3.979,9,6,4.164,13,2
5,5,4,4,0.072,2,0,4.304,2,0
2,2,2,3,1.838,6,3,3.626,4,1
5,1,5,5,3.623,17,7,3.245,9,2
1,1,5,1,2.899,11,8,3.638,8,2
3,2,2,2,1.925,4,3,3.608,6,1
3,2,3,4,0.835,2,0,3.476,2,0
4,3,4,3,0.755,1,0,4.331,2,0
3,3,2,3,0.661,0,1,4.173,2,0
3,3,3,4,0.286,0,1,2.704,2,0
1,5,5,1,4.184,13,8,3.773,14,2
2,1,1,3,2.338,6,2,3.461,6,1
1,1,5,1,3.504,16,7,3.187,10,2
5,5,4,4,0.348,1,1,3.691,2,0
3,3,3,3,2.851,4,2,3.366,5,1
1,1,5,1,3.592,18,9,3.953,13,2
4,3,4,4,0.533,0,1,4.026,2,0
3,2,2,4,0.044,2,0,4.023,1,0
4,4,3,4,0.053,1,1,3.381,1,0
5,5,4,5,0.853,0,1,3.113,0,0
4,3,4,4,0.198,1,1,2.732,1,0
5,5,5,4,0.802,2,0,3.43,1,0
5,5,4,5,0.131,2,0,4.044,0,0
3,2,2,2,0.707,2,0,2.797,0,0
1,1,1,5,3.878,11,8,3.18,10,2
4,5,4,5,0.743,1,1,2.84,1,0
3,2,1,3,2.919,5,2,3.177,4,1
1,1,3,3,2.48,7,3,3.127,5,1
5,5,5,1,3.222,11,6,3.244,13,2
1,5,5,1,3.199,17,5,3.656,8,2
2,2,1,2,2.616,4,3,3.228,6,1
4,4,4,4,0.689,0,0,3.463,0,0
5,1,5,1,3.728,17,8,3.724,12,2
1,1,3,3,1.984,4,3,3.147,6,1
5,5,5,4,0.63,2,1,4.28,0,0
3,3,3,2,0.675,0,1,3.866,0,0
5,4,5,5,0.763,0,1,3.393,1,0
1,1,1,5,3.868,12,9,2.886,10,2
1,1,1,1,3.516,9,7,4.301,14,2
4,4,5,5,0.633,2,0,3.335,2,0
5,5,5,5,0.522,1,1,3.229,1,0
4,3,5,3,0.392,1,0,2.564,2,0
4,4,5,4,0.83,0,0,3.366,0,0
4,3,5,4,0.575,0,0,3.336,2,0
4,5,5,4,0.343,1,1,4.022,0,0
2,1,2,1,2.68,5,2,3.547,3,1
3,3,2,2,0.998,2,1,4.259,1,0
5,1,5,1,3.506,14,6,2.507,8,2
1,5,5,5,3.256,14,7,4.1,11,2
1,1,5,5,4.108,9,4,3.236,12,2
5,5,4,4,0.971,1,1,4.066,0,0
5,5,5,5,0.833,2,1,2.646,0,0
4,3,5,4,0.865,2,1,3.924,0,0
1,1,1,1,2.945,12,7,2.745,13,2
4,3,4,5,0.432,2,0,3.187,0,0
3,2,3,3,0.521,0,1,3.233,2,0
1,1,5,5,3.86,10,7,3.503,8,2
5,1,5,1,2.988,11,6,3.857,11,2
1,1,1,1,4.246,11,6,3.53,7,2
1,1,3,1,2.925,5,2,3.378,5,1
3,2,3,2,2.079,5,3,3.239,3,1
2,2,3,2,1.556,5,3,3.14,6,1
1,5,1,5,2.731,17,5,3.471,10,2
4,4,5,5,0.699,1,0,4.213,0,0
2,1,1,2,2.257,6,2,3.887,4,1
4,3,4,5,0.252,2,1,3.502,1,0
2,1,3,1,2.998,4,2,3.299,6,1
5,5,4,5,0.782,1,1,3.649,0,0
1,1,1,1,2.622,4,2,3.397,4,1
4,3,5,4,0.364,0,1,4.274,2,0
3,2,4,2,0.118,0,0,3.158,1,0
4,4,3,5,0.335,2,0,4.354,2,0
1,1,1,1,2.713,14,9,3.772,10,2
3,2,3,3,0.856,0,1,3.879,2,0
4,5,4,4,0.519,0,1,2.829,1,0
1,5,5,5,4.448,12,8,4.144,9,2
3,3,4,4,0.307,0,1,3.399,0,0
2,2,1,2,2.188,7,2,3.592,4,1
5,1,1,5,4.285,14,4,3.567,11,2
5,4,5,4,0.508,1,1,4.178,1,0
1,1,5,1,3.631,10,4,3.768,7,2
3,3,1,3,1.513,6,3,3.239,6,1
5,5,4,4,0.858,2,1,3.111,0,0
3,2,1,1,2.609,7,3,3.228,3,1
1,5,1,1,3.675,8,7,4.018,9,2
3,2,2,3,0.278,1,1,4.292,1,0
5,4,5,5,0.965,2,1,2.888,2,0
4,3,5,3,0.922,1,0,3.373,2,0
5,5,5,5,0.243,1,0,2.898,1,0
5,5,5,1,3.979,14,8,4.057,8,2
3,3,2,3,0.426,0,1,3.223,2,0
5,5,1,1,4.371,17,7,3.627,11,2
4,5,4,4,0.758,0,0,2.53,1,0
4,5,5,3,0.629,1,1,4.474,2,0
4,3,5,5,0.803,2,1,3.77,0,0
4,3,5,4,0.718,2,0,2.988,0,0
4,3,5,5,0.124,2,0,3.174,0,0
5,5,5,5,0.065,1,0,3.862,1,0
3,3,2,3,2.145,5,3,3.927,3,1
3,3,2,2,2.984,6,2,3.998,6,1
5,5,5,4,0.098,1,1,3.975,2,0
3,4,3,4,0.743,2,0,3.276,0,0
2,1,2,2,2.874,7,3,3.188,3,1
5,1,1,5,2.697,19,8,2.813,14,2
3,4,2,3,0.845,1,0,2.676,0,0
5,5,4,4,0.137,0,1,4.296,0,0
5,4,4,5,0.246,1,1,4.246,0,0
1,1,2,2,1.542,7,2,3.808,6,1
3,4,3,2,0.429,2,1,3.948,0,0
3,2,3,1,2.757,5,2,3.406,5,1
5,5,5,5,0.071,1,1,2.66,0,0
1,1,1,1,2.143,5,3,3.449,5,1
5,5,5,5,0.848,0,0,3.749,2,0
1,5,5,5,3.911,12,8,3.093,12,2
5,5,5,5,0.309,2,0,3.177,0,0
1,5,5,1,2.977,10,9,3.614,8,2
4,5,5,5,0.024,1,1,3.961,0,0
5,1,1,1,3.782,10,9,4.014,7,2
4,3,4,5,0.564,1,1,4.086,1,0
3,2,3,4,0.331,1,1,4.227,0,0
1,5,1,1,4.416,10,7,3.948,12,2
3,3,3,2,0.626,2,1,2.922,1,0
1,1,1,1,3.724,16,9,2.989,11,2
5,4,5,4,0.177,1,0,3.985,2,0
3,3,2,3,0.797,2,0,4.195,1,0
4,3,4,5,0.932,1,0,4.291,1,0
4,5,4,4,0.837,1,0,3.408,1,0
4,4,5,4,0.579,2,0,2.914,1,0
1,1,2,1,1.671,6,2,3.763,4,1
1,1,1,5,4.422,9,5,2.85,7,2
3,2,2,2,0.252,0,1,3.475,2,0
5,4,5,5,0.078,1,1,2.808,1,0
5,5,5,4,0.612,1,0,3.393,1,0
4,5,4,3,0.664,0,1,2.576,2,0
5,5,4,5,0.519,0,1,3.375,2,0
3,2,3,1,2.151,6,2,3.233,3,1
5,5,4,5,0.48,0,1,4.439,0,0
4,3,3,5,0.862,0,1,4.288,2,0
4,4,4,5,0.521,0,1,3.386,1,0
4,4,3,4,0.075,0,1,2.892,1,0
4,3,3,3,0.271,0,0,2.852,0,0
4,4,4,4,0.53,1,1,2.578,2,0
5,4,4,4,0.113,1,0,2.709,0,0
5,5,4,4,0.776,0,1,4.095,1,0
4,5,5,3,0.982,0,0,4.027,2,0
2,1,1,2,2.045,5,2,3.119,4,1
5,5,5,5,0.078,1,0,4.131,0,0
2,1,2,3,2.593,7,3,3.986,6,1
3,2,2,2,2.07,4,2,3.404,3,1
1,1,5,5,3.904,18,5,3.362,10,2
5,5,5,5,0.626,2,1,3.048,0,0
4,4,4,4,0.88,1,1,3.25,2,0
4,4,3,5,0.97,0,1,4.439,1,0
4,4,5,5,0.912,0,0,3.726,2,0
5,1,1,5,4.162,15,5,4.086,13,2
1,1,1,1,3.824,18,5,4.124,14,2
3,2,3,4,0.908,2,1,3.594,1,0
3,4,3,3,0.145,1,1,3.363,2,0
4,4,3,3,0.421,2,1,4.409,0,0
4,3,3,5,0.869,2,1,3.555,2,0
4,5,4,4,0.456,0,1,4.011,0,0
3,2,2,1,2.741,4,3,3.6,3,1
3,2,2,4,0.638,2,1,3.581,2,0
3,2,4,4,0.12,2,0,3.04,1,0
1,1,5,1,4.206,8,4,3.881,11,2
1,1,5,1,3.03,13,4,3.385,10,2
3,4,4,3,0.063,0,1,2.531,2,0
4,4,4,4,0.265,1,1,4.326,0,0
1,1,1,3,2.997,6,3,3.308,4,1
2,2,1,2,1.951,7,3,3.226,5,1
3,2,3,3,2.643,7,2,3.778,4,1
4,3,5,5,0.551,2,0,2.924,0,0
4,5,4,3,0.213,2,1,3.044,2,0
2,2,2,3,1.817,6,3,3.064,3,1
4,4,4,4,0.134,2,1,4.484,0,0
5,5,5,5,0.017,0,0,3.911,2,0
4,4,3,4,0.864,2,1,3.041,2,0
5,5,5,4,0.071,0,0,3.767,0,0
5,5,5,4,0.273,0,1,4.157,2,0
4,5,3,3,0.653,1,0,3.127,0,0
3,4,2,4,0.049,0,0,3.831,1,0
1,5,5,1,4.099,12,4,3.44,13,2
1,1,1,1,2.729,11,5,3.562,9,2
5,5,5,5,0.779,0,0,3.856,2,0
2,2,2,2,1.589,6,3,3.13,3,1
4,5,5,3,0.345,0,0,3.583,2,0
3,2,4,3,0.216,0,1,3.869,2,0
5,5,1,5,3.282,17,5,2.651,7,2
4,5,3,5,0.476,1,1,3.277,1,0
4,3,3,4,0.777,2,0,2.848,1,0
3,3,2,2,0.522,0,1,3.653,0,0
2,1,3,2,1.645,6,2,3.479,3,1
5,5,5,4,0.278,2,1,2.83,1,0
3,2,1,1,2.352,5,3,3.273,6,1
1,1,1,5,2.671,15,5,3.289,7,2
3,4,3,4,0.845,0,0,3.511,2,0
1,1,3,1,2.483,4,3,3.347,3,1
1,5,1,1,2.644,13,4,2.603,12,2
3,3,2,1,1.751,5,2,3.128,5,1
3,4,2,3,0.64,1,0,3.866,2,0
5,4,4,5,0.118,2,1,2.779,1,0
5,5,5,4,0.722,1,0,4.254,1,0
3,3,3,4,0.168,1,0,3.601,1,0
5,1,1,5,3.924,17,7,3.621,7,2
3,2,2,4,0.926,2,1,4.157,1,0
3,4,4,4,0.173,2,1,3.436,1,0
3,2,3,3,2.5,5,3,3.488,4,1
4,4,4,5,0.176,0,0,2.557,2,0
5,1,1,5,4.174,11,9,4.249,14,2
4,5,3,3,0.543,2,1,3.018,2,0
4,5,3,5,0.613,1,1,3.186,0,0
3,2,3,4,0.206,1,1,4.295,2,0
4,5,3,5,0.695,2,0,3.882,1,0
3,2,3,2,0.491,0,0,4.0,0,0
4,5,4,3,0.431,0,0,3.988,1,0
5,5,1,5,2.718,18,9,4.001,11,2
3,2,2,2,0.996,2,0,4.465,0,0
4,5,3,4,0.611,0,0,2.891,1,0
5,5,5,5,0.947,2,1,3.751,2,0
4,5,5,3,0.271,1,0,3.643,0,0
5,5,1,1,4.386,12,5,3.575,12,2
4,3,5,5,0.334,2,1,4.101,2,0
4,4,4,3,0.96,0,1,3.301,0,0
2,1,3,3,2.569,4,2,3.371,4,1
1,1,1,5,3.833,9,5,3.092,14,2
1,5,1,5,2.644,17,4,3.122,14,2
3,2,3,3,0.167,1,1,3.25,1,0
5,5,5,5,0.339,2,0,4.221,1,0
5,1,1,5,4.082,17,9,3.152,14,2
5,5,1,5,2.988,18,7,3.252,9,2
4,5,3,4,0.712,0,1,2.997,1,0
4,5,3,3,0.881,2,0,3.607,2,0
3,2,1,2,1.597,7,2,3.901,3,1
1,1,3,1,2.744,5,3,3.575,6,1
4,4,3,3,0.421,1,0,4.447,1,0
4,5,3,3,0.199,1,1,2.974,1,0
5,5,5,4,0.503,1,0,4.13,0,0
5,1,1,1,2.605,8,9,4.342,9,2
3,3,2,4,0.908,1,0,2.736,2,0
1,5,5,1,4.341,8,5,2.811,8,2
1,5,1,1,3.732,10,7,4.124,14,2
4,5,5,3,0.161,0,0,2.932,2,0
1,1,1,1,2.645,6,3,3.276,6,1
1,5,5,1,3.62,11,5,2.984,9,2
3,3,4,2,0.68,0,0,3.451,2,0
3,2,4,2,0.444,2,0,3.594,2,0
3,3,1,3,1.762,4,3,3.15,6,1
5,5,5,5,0.579,1,0,3.674,2,0
3,2,2,3,0.797,2,0,2.889,0,0
4,5,4,5,0.382,0,0,3.307,0,0
5,5,5,1,3.751,9,5,3.807,12,2
4,4,5,4,0.484,2,1,2.954,2,0
3,3,3,2,0.274,1,1,4.451,2,0
5,5,4,4,0.055,0,0,3.204,1,0
3,4,2,2,0.635,2,1,4.318,2,0
1,5,1,5,2.683,15,4,3.664,11,2
3,3,4,4,0.932,2,1,3.885,2,0
3,4,3,4,0.565,2,1,2.905,1,0
4,4,4,3,0.654,1,1,4.376,0,0
1,5,1,1,3.064,14,9,3.893,10,2
3,2,3,1,2.887,6,3,3.3,3,1
3,3,4,3,0.53,1,1,3.786,0,0
4,5,5,4,0.544,0,0,3.291,2,0
4,4,4,5,0.434,2,0,4.183,1,0
4,5,5,5,0.297,1,1,3.203,0,0
3,2,2,2,0.067,0,0,3.289,1,0
5,1,5,5,3.294,13,4,4.2,10,2
1,1,1,1,2.51,8,7,3.611,7,2
3,4,3,3,0.65,1,0,2.671,2,0
3,3,3,3,0.463,0,0,4.381,2,0
4,4,4,4,0.897,2,0,3.324,2,0
4,4,3,4,0.146,1,0,2.915,1,0
1,1,5,5,3.968,8,4,3.558,12,2
5,4,5,5,0.336,0,1,3.467,2,0
3,3,3,4,0.095,1,1,2.573,0,0
2,2,2,1,1.932,5,2,3.685,5,1
3,3,2,2,1.99,4,2,3.601,4,1
5,5,5,5,3.343,13,6,3.206,7,2
1,1,1,2,2.579,4,3,3.565,3,1
4,5,5,4,0.062,0,0,4.323,2,0
2,1,2,1,2.473,5,3,3.883,6,1
2,2,2,2,2.196,5,3,3.141,6,1
3,2,3,3,0.103,1,0,3.459,0,0
2,2,1,3,2.357,4,3,3.659,5,1
3,4,3,3,0.459,0,0,3.804,1,0
1,5,1,5,4.061,16,5,3.112,8,2
1,1,1,5,4.468,15,6,3.61,8,2
4,4,4,4,0.447,2,0,4.208,0,0
5,4,5,5,0.873,1,0,3.457,0,0
4,3,3,4,0.003,0,0,4.205,1,0
4,4,5,3,0.899,1,1,3.769,0,0
4,4,4,4,0.494,0,0,4.245,1,0
1,1,3,3,2.107,7,2,3.938,6,1
4,4,5,3,0.007,2,0,3.818,2,0
4,4,5,3,0.883,2,0,4.403,1,0
3,2,2,3,0.071,0,0,3.522,0,0
5,1,1,5,3.961,18,7,3.929,8,2
2,2,2,3,2.529,5,3,3.204,5,1
4,4,4,3,0.388,1,1,4.211,0,0
5,4,5,4,0.755,2,0,4.136,2,0
1,5,1,5,3.007,18,8,3.341,13,2
2,2,1,3,1.541,5,2,3.734,3,1
2,2,1,2,2.164,5,2,3.596,6,1
4,3,3,3,0.092,1,1,2.884,1,0
1,1,2,2,2.369,4,3,3.215,5,1
1,1,1,3,2.166,5,2,3.689,5,1
2,2,2,2,2.722,6,3,3.703,6,1
1,1,2,2,2.895,5,3,3.796,4,1
3,4,4,2,0.162,2,1,3.518,2,0
5,5,5,5,0.997,1,0,3.617,2,0
1,5,1,5,4.482,16,7,2.762,13,2
4,3,3,4,0.39,0,1,3.025,1,0
5,5,5,4,0.662,1,0,3.935,2,0
5,5,5,1,3.577,9,4,2.933,7,2
3,2,4,3,0.064,0,1,3.702,1,0
5,4,5,5,0.456,1,0,3.292,2,0
1,1,3,3,2.389,7,2,3.995,4,1
1,1,2,2,2.661,5,3,3.359,6,1
1,1,1,1,4.318,10,9,4.445,13,2
1,5,5,1,3.712,18,5,4.378,12,2
3,3,2,4,0.018,2,0,3.256,2,0
4,5,3,5,0.326,0,1,3.479,0,0
4,4,5,3,0.141,1,1,3.677,1,0
4,4,5,4,0.56,1,0,4.372,2,0
3,2,2,3,2.419,4,2,3.513,5,1
4,4,4,4,0.338,2,1,3.849,0,0
4,3,3,3,0.382,2,0,4.206,2,0
4,4,4,4,0.519,1,1,3.07,0,0
3,2,3,1,1.635,4,3,3.972,4,1
4,4,3,5,0.315,2,0,4.199,2,0
4,4,5,4,0.573,0,1,3.082,1,0
1,1,5,1,2.837,17,5,2.671,12,2
1,1,1,1,4.392,12,7,3.983,9,2
5,5,5,5,0.247,0,0,4.093,2,0
5,4,4,4,0.228,2,0,4.312,2,0
4,3,3,4,0.169,0,1,3.333,0,0
1,5,1,5,4.351,10,9,4.078,12,2
4,5,5,5,0.164,1,0,3.044,0,0
4,5,5,4,0.364,0,1,2.761,2,0
3,4,3,2,0.318,1,0,4.41,0,0
4,5,3,3,0.482,0,1,4.455,1,0
3,3,2,4,0.389,0,1,4.288,2,0
5,5,1,1,2.715,11,6,2.915,9,2
1,5,5,5,4.037,14,4,4.139,7,2
5,5,4,5,0.837,0,1,4.487,2,0
5,5,5,5,3.991,9,5,3.69,11,2
5,5,5,4,0.127,1,0,3.043,2,0
3,4,3,4,0.174,2,1,4.135,1,0
5,5,4,4,0.943,0,1,2.618,1,0
3,3,4,3,0.817,2,1,3.619,1,0
4,5,3,5,0.221,2,1,4.459,2,0
3,4,4,2,0.699,0,1,3.562,0,0
5,1,5,1,2.693,18,4,4.239,7,2
4,5,5,5,0.753,0,1,4.166,2,0
2,1,2,2,2.856,7,2,3.322,6,1
4,4,5,5,0.229,0,0,3.192,1,0
3,3,4,4,0.786,1,1,2.795,0,0
3,3,3,3,0.253,1,0,3.948,1,0
1,1,2,2,1.684,7,2,3.814,3,1
3,3,3,2,2.274,6,3,3.048,3,1
1,1,5,5,2.717,16,8,4.017,7,2
3,3,3,2,1.572,4,2,3.143,4,1
5,5,4,5,0.591,1,0,4.288,2,0
2,2,3,3,2.43,7,3,3.917,3,1
3,4,2,2,0.652,1,1,2.546,2,0
4,3,5,5,0.753,0,0,3.93,0,0
5,1,1,1,3.201,14,6,3.655,7,2
1,5,1,5,4.428,10,9,4.024,11,2
5,5,5,5,0.896,0,0,2.891,1,0
1,1,3,3,1.67,7,2,3.259,6,1
4,5,5,5,0.284,1,0,2.706,2,0
3,4,2,4,0.355,0,1,3.496,1,0
5,5,5,5,0.652,2,1,4.081,1,0
5,4,4,5,0.981,0,0,3.974,0,0
1,1,3,2,2.364,6,3,3.443,4,1
1,1,1,1,3.58,17,8,3.527,12,2
3,2,3,4,0.489,2,1,2.882,0,0
5,4,5,5,0.524,0,0,2.552,0,0
5,4,5,5,0.338,0,1,2.883,2,0
2,1,1,1,2.323,6,2,3.02,4,1
5,4,5,5,0.77,1,1,3.529,2,0
3,3,3,1,2.169,4,3,3.528,3,1
4,3,4,3,0.632,0,0,3.266,1,0
3,4,4,3,0.73,1,0,3.65,0,0
4,3,4,5,0.969,1,0,3.551,0,0
1,5,5,5,3.24,9,7,2.813,8,2
1,1,2,3,2.462,6,3,3.303,5,1
1,1,2,1,1.566,4,3,3.071,5,1
1,1,1,5,3.406,11,7,3.958,8,2
3,2,3,2,0.521,1,1,2.997,1,0
2,2,2,2,2.53,7,2,3.349,4,1
3,2,4,3,0.636,2,0,3.078,1,0
5,5,4,5,0.409,0,0,4.013,2,0
5,5,5,1,2.531,11,8,3.925,7,2
1,1,1,1,4.241,15,8,2.753,10,2
4,5,3,4,0.876,0,0,3.673,2,0
3,4,3,2,0.347,1,0,3.367,2,0
5,4,5,5,0.061,1,1,4.127,2,0
4,4,3,4,0.542,2,0,4.277,1,0
1,5,5,5,3.416,10,8,3.904,12,2
5,5,4,5,0.389,2,1,2.661,2,0
3,3,1,1,2.98,4,2,3.518,5,1
1,5,5,1,2.503,13,6,3.651,13,2
5,5,4,5,0.583,1,0,3.52,0,0
3,3,2,4,0.096,1,0,4.006,2,0
4,5,5,4,0.48,2,0,4.332,1,0
1,1,1,1,2.723,18,5,4.159,14,2
3,4,4,2,0.898,1,0,3.272,0,0
4,3,5,4,0.187,2,1,2.995,0,0
1,1,1,1,3.641,9,6,2.639,7,2
5,1,1,1,2.525,14,5,2.865,14,2
3,2,3,1,2.661,4,2,3.428,3,1
3,4,2,2,0.893,2,1,3.773,2,0
3,2,2,3,0.438,2,0,3.881,2,0
5,4,4,5,0.959,0,1,4.182,1,0
1,5,5,5,3.686,17,6,3.826,10,2
3,4,4,3,0.785,1,0,2.575,1,0
1,1,5,1,4.39,8,7,2.59,10,2
2,1,3,2,2.185,5,3,3.352,6,1
1,5,5,5,4.253,17,6,4.404,9,2
2,2,2,3,2.194,7,2,3.77,6,1
5,4,5,4,0.523,1,1,4.15,1,0
2,1,1,2,2.903,6,3,3.298,5,1
4,5,5,3,0.645,0,0,3.108,2,0
1,5,1,5,3.508,10,7,4.353,11,2
1,1,5,1,3.36,8,5,4.078,8,2
4,3,5,4,0.438,2,1,2.72,0,0
4,5,3,3,0.621,1,0,2.895,0,0
3,3,3,3,0.381,0,1,3.914,2,0
3,3,3,4,0.021,2,1,4.339,1,0
4,5,4,5,0.34,1,0,3.349,2,0
1,5,1,1,4.288,15,6,4.413,14,2
4,5,5,5,0.372,0,1,2.89,0,0
1,1,2,2,1.592,5,2,3.993,6,1
4,5,3,5,0.036,1,0,3.841,1,0
4,5,4,3,0.915,2,0,3.024,0,0
4,4,5,5,0.073,2,0,2.58,0,0
3,2,3,3,0.219,2,0,3.931,0,0
3,3,3,2,2.853,6,2,3.524,3,1
3,2,3,3,2.985,6,2,3.843,4,1
3,3,3,2,0.154,0,1,3.367,1,0
2,2,2,1,2.244,5,3,3.4,3,1
5,4,4,5,0.142,1,0,4.046,2,0
4,3,3,4,0.327,0,0,3.696,1,0
5,5,5,4,0.68,2,1,2.848,2,0
3,2,2,4,0.984,1,1,3.385,1,0
4,3,3,4,0.759,1,0,3.195,1,0
4,3,3,4,0.387,0,1,3.183,1,0
3,2,2,4,0.22,0,1,2.585,2,0
3,3,1,3,2.974,5,2,3.591,4,1
1,5,5,1,3.611,10,7,4.372,11,2
3,4,2,2,0.089,2,0,4.036,2,0
2,2,2,2,2.229,7,3,3.22,6,1
1,5,1,5,4.296,10,7,3.859,11,2
1,1,5,5,4.166,18,8,2.74,14,2
4,3,3,4,0.513,0,0,4.227,1,0
2,2,1,2,1.902,6,3,3.882,4,1
5,5,4,5,0.546,2,0,3.242,2,0
5,5,5,1,3.869,19,7,4.183,7,2
1,1,5,5,3.577,18,4,3.606,12,2
1,5,5,5,2.717,8,5,4.261,11,2
5,4,5,5,0.525,1,1,3.933,1,0
1,1,2,3,2.68,6,2,3.158,4,1
1,1,1,5,3.039,11,5,4.344,14,2
1,5,1,5,3.205,8,4,3.277,10,2
3,4,3,3,0.636,0,0,3.566,1,0
3,2,4,3,0.793,0,0,4.465,1,0
4,3,4,3,0.52,1,0,4.365,0,0
5,4,5,4,0.541,1,0,2.624,2,0
3,3,2,2,0.594,0,1,3.355,2,0
4,5,5,5,0.842,2,0,2.897,0,0
1,5,5,5,3.533,17,4,3.495,11,2
5,5,5,5,0.926,2,0,3.417,2,0
3,4,2,3,0.944,2,0,3.859,0,0
1,1,1,3,2.905,4,3,3.969,3,1
1,1,5,1,4.386,17,4,2.675,11,2
4,5,5,4,0.211,0,0,4.449,2,0
1,1,5,1,4.381,19,5,2.96,7,2
5,4,5,5,0.486,2,0,2.978,0,0
4,4,5,3,0.001,0,1,4.147,1,0
4,4,4,3,0.804,0,1,3.538,2,0
4,4,4,5,0.931,2,0,3.629,2,0
4,5,3,4,0.683,0,0,3.131,2,0
4,5,3,5,0.703,0,0,4.285,2,0
1,5,1,1,4.225,8,6,3.281,11,2
4,4,5,4,0.741,1,0,4.027,2,0
4,3,5,5,0.774,2,0,2.545,2,0
5,4,4,4,0.282,0,0,3.34,2,0
5,5,5,4,0.565,0,1,2.651,1,0
4,4,3,4,0.077,2,0,3.931,1,0
4,4,4,3,0.069,1,0,3.082,1,0
2,1,1,1,2.505,7,2,3.509,6,1
3,2,3,3,2.267,4,2,3.936,4,1
3,4,3,2,0.503,1,1,3.176,0,0
3,3,1,1,2.05,7,3,3.485,5,1
5,5,5,5,4.497,8,8,3.382,8,2
4,4,3,5,0.673,0,1,3.931,0,0
5,5,5,5,0.939,0,0,4.052,2,0
1,5,1,5,4.5,8,8,3.958,12,2
4,3,3,3,0.695,2,1,3.018,0,0
4,3,5,3,0.793,0,1,3.836,0,0
4,5,3,4,0.547,0,0,3.632,1,0
4,5,4,3,0.198,1,0,3.986,2,0
4,3,3,3,0.068,2,1,4.469,2,0
5,1,1,1,3.77,8,4,3.896,14,2
1,5,5,5,3.586,8,5,3.809,14,2
5,4,4,5,0.041,1,0,4.307,1,0
4,3,3,5,0.973,2,0,3.887,1,0
3,2,1,3,2.203,6,3,3.766,4,1
5,1,1,5,3.986,15,5,2.564,14,2
1,1,2,1,1.665,6,3,3.58,6,1
4,3,3,4,0.487,0,0,3.251,2,0
4,4,5,4,0.523,1,1,4.303,0,0
4,4,4,4,0.1,1,0,3.691,1,0
4,4,4,4,0.488,2,0,3.107,0,0
1,1,3,3,2.101,6,3,3.812,4,1
1,5,1,5,3.616,18,9,2.639,7,2
1,5,1,5,3.336,12,5,2.719,7,2
4,4,5,4,0.61,2,0,3.784,1,0
5,5,4,5,0.911,2,1,3.802,1,0
3,3,3,4,0.79,0,1,2.74,1,0
4,3,3,4,0.06,1,0,2.655,0,0
5,5,1,5,3.48,8,4,3.701,11,2
1,5,5,5,3.399,9,8,3.097,11,2
2,1,2,1,2.679,4,2,3.109,6,1
5,5,1,5,3.154,12,7,3.619,7,2
5,5,4,4,0.674,2,0,3.522,2,0
1,1,2,2,1.984,6,2,3.785,5,1
5,5,1,5,2.678,13,7,2.534,9,2
4,3,3,3,0.995,2,0,3.593,0,0
1,1,1,5,3.553,15,5,2.695,10,2
5,5,4,5,0.972,1,1,4.44,1,0
5,5,5,5,0.525,2,0,3.278,1,0
5,5,1,5,2.535,10,5,4.07,7,2
1,1,1,5,4.119,8,6,3.043,14,2
4,3,3,3,0.641,1,1,4.066,2,0
1,5,1,1,4.165,11,8,3.432,13,2
3,3,3,4,0.234,2,1,2.501,2,0
5,5,1,5,3.472,19,5,3.801,13,2
3,3,4,2,0.92,2,0,3.573,0,0
